{
    "providers": [
        {
            "type": "bitmap",
            "file": "minecraft:custom/pistol_book.png",
            "ascent": 50,
            "height": 50,
            "chars": ["⌅"]
        },
        {
            "type": "bitmap",
            "file": "minecraft:custom/pistol_ammo_book.png",
            "ascent": 50,
            "height": 50,
            "chars": ["⌆"]
        },
        {
            "type": "bitmap",
            "file": "minecraft:custom/shotgun_book.png",
            "ascent": 50,
            "height": 50,
            "chars": ["⋚"]
        },
        {
            "type": "bitmap",
            "file": "minecraft:custom/shotgun_ammo_book.png",
            "ascent": 50,
            "height": 50,
            "chars": ["⋛"]
        },
        {
            "type": "bitmap",
            "file": "minecraft:custom/sniper_rifle_book.png",
            "ascent": 50,
            "height": 50,
            "chars": ["⋜"]
        },
        {
            "type": "bitmap",
            "file": "minecraft:custom/sniper_rifle_ammo_book.png",
            "ascent": 50,
            "height": 50,
            "chars": ["⋝"]
        },
        {
            "type": "bitmap",
            "file": "minecraft:custom/assault_rifle_book.png",
            "ascent": 50,
            "height": 50,
            "chars": ["⋞"]
        },
        {
            "type": "bitmap",
            "file": "minecraft:custom/assault_rifle_ammo_book.png",
            "ascent": 50,
            "height": 50,
            "chars": ["⋟"]
        },
        {
            "type": "bitmap",
            "file": "minecraft:custom/chemical_thrower_book.png",
            "ascent": 50,
            "height": 50,
            "chars": ["⋠"]
        },
        {
            "type": "bitmap",
            "file": "minecraft:custom/chemical_thrower_ammo_book.png",
            "ascent": 50,
            "height": 50,
            "chars": ["⋡"]
        },
        {
            "type": "bitmap",
            "file": "minecraft:custom/ink_blaster_book.png",
            "ascent": 50,
            "height": 50,
            "chars": ["⋢"]
        },
        {
            "type": "bitmap",
            "file": "minecraft:custom/ink_blaster_ammo_book.png",
            "ascent": 50,
            "height": 50,
            "chars": ["⋣"]
        },
        {
            "type": "bitmap",
            "file": "minecraft:custom/ray_gun_green_book.png",
            "ascent": 50,
            "height": 50,
            "chars": ["⋤"]
        },
        {
            "type": "bitmap",
            "file": "minecraft:custom/ray_gun_blue_book.png",
            "ascent": 50,
            "height": 50,
            "chars": ["⋥"]
        },
        {
            "type": "bitmap",
            "file": "minecraft:custom/laser_pistol_book.png",
            "ascent": 50,
            "height": 50,
            "chars": ["⋦"]
        },
        {
            "type": "bitmap",
            "file": "minecraft:custom/9v_laser_battery_book.png",
            "ascent": 50,
            "height": 50,
            "chars": ["⋧"]
        },
        {
            "type": "bitmap",
            "file": "minecraft:custom/laser_rifle_book.png",
            "ascent": 50,
            "height": 50,
            "chars": ["⋨"]
        },
        {
            "type": "bitmap",
            "file": "minecraft:custom/15v_laser_battery_book.png",
            "ascent": 50,
            "height": 50,
            "chars": ["⋩"]
        },
        {
            "type": "bitmap",
            "file": "minecraft:custom/laser_cannon_book.png",
            "ascent": 50,
            "height": 50,
            "chars": ["⋪"]
        },
        {
            "type": "bitmap",
            "file": "minecraft:custom/15v_laser_battery_bundle_book.png",
            "ascent": 50,
            "height": 50,
            "chars": ["⋫"]
        },
        {
            "type": "bitmap",
            "file": "minecraft:custom/medkit_book.png",
            "ascent": 50,
            "height": 50,
            "chars": ["⋬"]
        },
        {
            "type": "bitmap",
            "file": "minecraft:custom/syringe_book.png",
            "ascent": 50,
            "height": 50,
            "chars": ["⋭"]
        },
        {
            "type": "bitmap",
            "file": "minecraft:custom/regeneration_syringe_book.png",
            "ascent": 50,
            "height": 50,
            "chars": ["⋲"]
        },
        {
            "type": "bitmap",
            "file": "minecraft:custom/absorption_syringe_book.png",
            "ascent": 50,
            "height": 50,
            "chars": ["⋳"]
        },
        {
            "type": "bitmap",
            "file": "minecraft:custom/laser_shield_book.png",
            "ascent": 50,
            "height": 50,
            "chars": ["⋴"]
        },
        {
            "type": "bitmap",
            "file": "minecraft:custom/bazooka_book.png",
            "ascent": 50,
            "height": 50,
            "chars": ["⋷"]
        },
        {
            "type": "bitmap",
            "file": "minecraft:custom/rocket_book.png",
            "ascent": 50,
            "height": 50,
            "chars": ["⋸"]
        },
        {
            "type": "bitmap",
            "file": "minecraft:custom/flame_thrower_book.png",
            "ascent": 50,
            "height": 50,
            "chars": ["⋹"]
        },
        {
            "type": "bitmap",
            "file": "minecraft:custom/flame_thrower_ammo_book.png",
            "ascent": 50,
            "height": 50,
            "chars": ["⋺"]
        },
        {
            "type": "bitmap",
            "file": "minecraft:custom/ray_gun_pink_book.png",
            "ascent": 50,
            "height": 50,
            "chars": ["⋻"]
        },
        {
            "type": "bitmap",
            "file": "minecraft:custom/c4_book.png",
            "ascent": 50,
            "height": 50,
            "chars": ["⋼"]
        },
        {
            "type": "bitmap",
            "file": "minecraft:custom/auto_turret_book.png",
            "ascent": 50,
            "height": 50,
            "chars": ["⋽"]
        },
        {
            "type": "bitmap",
            "file": "minecraft:custom/land_mine_book.png",
            "ascent": 50,
            "height": 50,
            "chars": ["⋾"]
        },
        {
            "type": "bitmap",
            "file": "minecraft:custom/bandage_book.png",
            "ascent": 50,
            "height": 50,
            "chars": ["⊻"]
        },
        {
            "type": "bitmap",
            "file": "minecraft:custom/laser_rifle_stat.png",
            "ascent": 50,
            "height": 50,
            "chars": ["⊼"]
        },
        {
            "type": "bitmap",
            "file": "minecraft:custom/laser_cannon_stat.png",
            "ascent": 50,
            "height": 50,
            "chars": ["⊽"]
        },
        {
            "type": "bitmap",
            "file": "minecraft:custom/combat_shotgun_book.png",
            "ascent": 50,
            "height": 50,
            "chars": ["⊿"]
        },
        {
            "type": "bitmap",
            "file": "minecraft:custom/combat_shotgun_ammo_book.png",
            "ascent": 50,
            "height": 50,
            "chars": ["⋀"]
        },
        {
            "type": "bitmap",
            "file": "minecraft:custom/combat_shotgun_stat.png",
            "ascent": 50,
            "height": 50,
            "chars": ["⊾"]
        }
    ]
}
