{
 "parent": "item/handheld_rod",
 "textures": {
  "layer0": "item/carrot_on_a_stick"
 },

 "overrides": [
  { "predicate": {"custom_model_data": 13212}, "model": "item/pistol"},
  { "predicate": {"custom_model_data": 13213}, "model": "item/assault_rifle"},
  { "predicate": {"custom_model_data": 13214}, "model": "item/sniper_rifle"},
  { "predicate": {"custom_model_data": 13215}, "model": "item/shotgun"},
  { "predicate": {"custom_model_data": 13222}, "model": "item/chemical_thrower"},
  { "predicate": {"custom_model_data": 13224}, "model": "item/ink_blaster"},
  { "predicate": {"custom_model_data": 13226}, "model": "item/ray_gun_green"},
  { "predicate": {"custom_model_data": 13227}, "model": "item/ray_gun_blue"},
  { "predicate": {"custom_model_data": 13228}, "model": "item/medkit"},
  { "predicate": {"custom_model_data": 13230}, "model": "item/cure"},
  { "predicate": {"custom_model_data": 13231}, "model": "item/regeneration"},
  { "predicate": {"custom_model_data": 13232}, "model": "item/absorption"},
  { "predicate": {"custom_model_data": 13233}, "model": "item/laser_pistol"},
  { "predicate": {"custom_model_data": 13235}, "model": "item/laser_rifle"},
  { "predicate": {"custom_model_data": 13237}, "model": "item/laser_cannon"},
  { "predicate": {"custom_model_data": 13239}, "model": "item/laser_shield"},
  { "predicate": {"custom_model_data": 13240}, "model": "item/combat_shotgun"},
  { "predicate": {"custom_model_data": 13242}, "model": "item/equiptment/c4"},
  { "predicate": {"custom_model_data": 13243}, "model": "item/equiptment/auto_turret"},
  { "predicate": {"custom_model_data": 13244}, "model": "item/equiptment/auto_turret_top"},
  { "predicate": {"custom_model_data": 13245}, "model": "item/equiptment/auto_turret_bottom"},
  { "predicate": {"custom_model_data": 13246}, "model": "item/equiptment/land_mine"},
  { "predicate": {"custom_model_data": 13247}, "model": "item/medicine/bandage"},
  { "predicate": {"custom_model_data": 13248}, "model": "item/ray_gun_pink"},
  { "predicate": {"custom_model_data": 13249}, "model": "item/rocket_launcher"},
  { "predicate": {"custom_model_data": 13250}, "model": "item/rocket_launcher_empty"},
  { "predicate": {"custom_model_data": 13251}, "model": "item/flame_thrower"}

 ]

 
}
