{
	"credit": "Made with Blockbench",
	"textures": {
		"0": "chemical_thrower",
		"particle": "chemical_thrower"
	},
	"elements": [
		{
			"from": [4.75, 5, 7.75],
			"to": [8.25, 6, 11.25],
			"rotation": {"angle": 0, "axis": "y", "origin": [11, 16, 15]},
			"faces": {
				"north": {"uv": [12, 4, 15.5, 5], "texture": "#0"},
				"east": {"uv": [12, 5, 15.5, 6], "texture": "#0"},
				"south": {"uv": [12, 4, 15.5, 5], "texture": "#0"},
				"west": {"uv": [12, 5, 15.5, 6], "texture": "#0"},
				"up": {"uv": [12, 4, 15.5, 7.5], "texture": "#0"},
				"down": {"uv": [12, 4, 15.5, 7.5], "texture": "#0"}
			}
		},
		{
			"from": [5, 1, 8],
			"to": [8, 5, 11],
			"rotation": {"angle": 0, "axis": "y", "origin": [11, 12, 15]},
			"faces": {
				"north": {"uv": [13, 0, 16, 4], "texture": "#0"},
				"east": {"uv": [13, 0, 16, 4], "texture": "#0"},
				"south": {"uv": [13, 0, 16, 4], "texture": "#0"},
				"west": {"uv": [13, 0, 16, 4], "texture": "#0"},
				"up": {"uv": [13, 0, 16, 3], "texture": "#0"},
				"down": {"uv": [13, 0, 16, 3], "texture": "#0"}
			}
		},
		{
			"from": [4.75, 0, 7.75],
			"to": [8.25, 1, 11.25],
			"rotation": {"angle": 0, "axis": "y", "origin": [11, 11, 15]},
			"faces": {
				"north": {"uv": [12, 4, 15.5, 5], "texture": "#0"},
				"east": {"uv": [12, 5, 15.5, 6], "texture": "#0"},
				"south": {"uv": [12, 4, 15.5, 5], "texture": "#0"},
				"west": {"uv": [12, 5, 15.5, 6], "texture": "#0"},
				"up": {"uv": [12, 4, 15.5, 7.5], "texture": "#0"},
				"down": {"uv": [12, 4, 15.5, 7.5], "texture": "#0"}
			}
		}
	],
	"gui_light": "front",
	"display": {
		"thirdperson_righthand": {
			"rotation": [0, 90, 0],
			"translation": [-1.25, 4.25, -1.25]
		},
		"thirdperson_lefthand": {
			"translation": [-2.25, 4.5, -1.25]
		},
		"firstperson_righthand": {
			"rotation": [0, 96, 0],
			"translation": [0, 4.5, 0.75]
		},
		"firstperson_lefthand": {
			"rotation": [0, 96, 0],
			"translation": [0, 4.5, 3.5]
		},
		"ground": {
			"translation": [1.5, 3.5, -0.5]
		},
		"gui": {
			"rotation": [8, 137, 0],
			"translation": [-2, 4.5, 0]
		},
		"fixed": {
			"translation": [1.75, 5.25, -3]
		}
	}
}