{
	"credit": "Made with Blockbench",
	"textures": {
		"0": "chemical_thrower",
		"particle": "chemical_thrower"
	},
	"elements": [
		{
			"from": [4, 4, 6.25],
			"to": [11, 8, 14.75],
			"rotation": {"angle": 0, "axis": "y", "origin": [11, 15, 14]},
			"faces": {
				"north": {"uv": [0, 0, 7, 4], "texture": "#0"},
				"east": {"uv": [0, 0, 8.5, 4], "texture": "#0"},
				"south": {"uv": [0, 0, 7, 4], "texture": "#0"},
				"west": {"uv": [0, 0, 8.5, 4], "texture": "#0"},
				"up": {"uv": [0, 0, 7, 8.5], "texture": "#0"},
				"down": {"uv": [0, 0, 7, 8.5], "texture": "#0"}
			}
		},
		{
			"from": [11, 4.5, 7],
			"to": [18, 9.25, 14],
			"rotation": {"angle": 0, "axis": "y", "origin": [18, 15, 14]},
			"faces": {
				"north": {"uv": [0, 0, 7, 4.75], "texture": "#0"},
				"east": {"uv": [0, 0, 7, 4.75], "texture": "#0"},
				"south": {"uv": [0, 0, 7, 4.75], "texture": "#0"},
				"west": {"uv": [0, 0, 7, 4.75], "texture": "#0"},
				"up": {"uv": [0, 0, 7, 7], "texture": "#0"},
				"down": {"uv": [0, 0, 7, 7], "texture": "#0"}
			}
		},
		{
			"from": [14, 5.5, 14],
			"to": [17, 8.25, 15],
			"rotation": {"angle": 0, "axis": "y", "origin": [18, 15, 21]},
			"faces": {
				"north": {"uv": [13, 4, 16, 6.75], "texture": "#0"},
				"east": {"uv": [15, 4, 16, 6.75], "texture": "#0"},
				"south": {"uv": [13, 4, 16, 6.75], "texture": "#0"},
				"west": {"uv": [15, 4, 16, 6.75], "texture": "#0"},
				"up": {"uv": [13, 4, 16, 5], "texture": "#0"},
				"down": {"uv": [13, 4, 16, 5], "texture": "#0"}
			}
		},
		{
			"from": [14, 5.5, 15],
			"to": [17, 8.25, 15],
			"rotation": {"angle": 0, "axis": "y", "origin": [18, 15, 22]},
			"faces": {
				"north": {"uv": [7, 8, 16, 15.75], "texture": "#0"},
				"east": {"uv": [0, 0, 1, 2.75], "texture": "#0"},
				"south": {"uv": [7, 8, 16, 16], "texture": "#0"},
				"west": {"uv": [0, 0, 1, 2.75], "texture": "#0"},
				"up": {"uv": [0, 0, 3, 1], "texture": "#0"},
				"down": {"uv": [0, 0, 3, 1], "texture": "#0"}
			}
		},
		{
			"from": [14, 5.5, 6],
			"to": [17, 8.25, 7],
			"rotation": {"angle": 0, "axis": "y", "origin": [18, 15, 13]},
			"faces": {
				"north": {"uv": [13, 4, 16, 6.75], "texture": "#0"},
				"east": {"uv": [15, 4, 16, 6.75], "texture": "#0"},
				"south": {"uv": [13, 4, 16, 6.75], "texture": "#0"},
				"west": {"uv": [15, 4, 16, 6.75], "texture": "#0"},
				"up": {"uv": [13, 4, 16, 5], "texture": "#0"},
				"down": {"uv": [13, 4, 16, 5], "texture": "#0"}
			}
		},
		{
			"from": [14, 5.5, 5.9375],
			"to": [17, 8.25, 5.9375],
			"rotation": {"angle": 0, "axis": "y", "origin": [18, 15, 12.9375]},
			"faces": {
				"north": {"uv": [7, 8, 16, 16], "texture": "#0"},
				"east": {"uv": [0, 0, 1, 2.75], "texture": "#0"},
				"south": {"uv": [7, 8, 16, 15.75], "texture": "#0"},
				"west": {"uv": [0, 0, 1, 2.75], "texture": "#0"},
				"up": {"uv": [13, 4, 16, 5], "texture": "#0"},
				"down": {"uv": [0, 0, 3, 1], "texture": "#0"}
			}
		},
		{
			"from": [14, 3.75, 8],
			"to": [17, 4.5, 13],
			"rotation": {"angle": 0, "axis": "y", "origin": [18, 10.25, 14]},
			"faces": {
				"north": {"uv": [0, 0, 3, 0.75], "texture": "#0"},
				"east": {"uv": [0, 0, 5, 0.75], "texture": "#0"},
				"south": {"uv": [0, 0, 3, 0.75], "texture": "#0"},
				"west": {"uv": [0, 0, 5, 0.75], "texture": "#0"},
				"up": {"uv": [0, 0, 3, 5], "texture": "#0"},
				"down": {"uv": [0, 0, 3, 5], "texture": "#0"}
			}
		},
		{
			"from": [14, 0.25, 8],
			"to": [17, 1, 13],
			"rotation": {"angle": 0, "axis": "y", "origin": [18, 6.75, 14]},
			"faces": {
				"north": {"uv": [0, 0, 3, 0.75], "texture": "#0"},
				"east": {"uv": [0, 0, 5, 0.75], "texture": "#0"},
				"south": {"uv": [0, 0, 3, 0.75], "texture": "#0"},
				"west": {"uv": [0, 0, 5, 0.75], "texture": "#0"},
				"up": {"uv": [0, 0, 3, 5], "texture": "#0"},
				"down": {"uv": [0, 0, 3, 5], "texture": "#0"}
			}
		},
		{
			"from": [14.5, 1, 9],
			"to": [16.5, 3.75, 12],
			"rotation": {"angle": 0, "axis": "y", "origin": [18, 9.5, 14]},
			"faces": {
				"north": {"uv": [0, 13, 2, 15.75], "texture": "#0"},
				"east": {"uv": [1, 12, 4, 14.75], "texture": "#0"},
				"south": {"uv": [1, 13, 3, 15.75], "texture": "#0"},
				"west": {"uv": [0, 12, 3, 14.75], "texture": "#0"},
				"up": {"uv": [1, 13, 3, 16], "texture": "#0"},
				"down": {"uv": [1, 13, 3, 16], "texture": "#0"}
			}
		},
		{
			"from": [6.5, 0.25, 9.5],
			"to": [8.5, 5, 11.5],
			"rotation": {"angle": -22.5, "axis": "z", "origin": [7.5, 2.625, 10.5]},
			"faces": {
				"north": {"uv": [0, 11, 2, 15.75], "texture": "#0"},
				"east": {"uv": [3, 11, 5, 15.75], "texture": "#0"},
				"south": {"uv": [2, 11, 4, 15.75], "texture": "#0"},
				"west": {"uv": [1, 11, 3, 15.75], "texture": "#0"},
				"up": {"uv": [1, 12, 3, 14], "texture": "#0"},
				"down": {"uv": [1, 14, 3, 16], "texture": "#0"}
			}
		},
		{
			"from": [6, -0.25, 9.25],
			"to": [8.5, 0.5, 11.75],
			"rotation": {"angle": -22.5, "axis": "z", "origin": [7.25, 2.125, 10.5]},
			"faces": {
				"north": {"uv": [0, 0, 2.5, 0.75], "texture": "#0"},
				"east": {"uv": [0, 0, 2.5, 0.75], "texture": "#0"},
				"south": {"uv": [0, 0, 2.5, 0.75], "texture": "#0"},
				"west": {"uv": [0, 0, 2.5, 0.75], "texture": "#0"},
				"up": {"uv": [0, 0, 2.5, 2.5], "texture": "#0"},
				"down": {"uv": [0, 0, 2.5, 2.5], "texture": "#0"}
			}
		},
		{
			"from": [18, 5.5, 8],
			"to": [21, 8.25, 13],
			"rotation": {"angle": 0, "axis": "y", "origin": [25, 15, 14]},
			"faces": {
				"north": {"uv": [0, 0, 3, 2.75], "texture": "#0"},
				"east": {"uv": [0, 0, 5, 2.75], "texture": "#0"},
				"south": {"uv": [0, 0, 3, 2.75], "texture": "#0"},
				"west": {"uv": [0, 0, 5, 2.75], "texture": "#0"},
				"up": {"uv": [0, 0, 3, 5], "texture": "#0"},
				"down": {"uv": [0, 0, 3, 5], "texture": "#0"}
			}
		},
		{
			"from": [24.5, 5.75, 8.25],
			"to": [25.75, 8, 12.5],
			"rotation": {"angle": 0, "axis": "y", "origin": [31.5, 16, 14]},
			"faces": {
				"north": {"uv": [0, 13, 1.25, 15.25], "texture": "#0"},
				"east": {"uv": [7, 5, 12, 8], "texture": "#0"},
				"south": {"uv": [0, 13, 1.25, 15.25], "texture": "#0"},
				"west": {"uv": [0, 13, 4.25, 15.25], "texture": "#0"},
				"up": {"uv": [0, 11, 1.25, 15.25], "texture": "#0"},
				"down": {"uv": [0, 11, 1.25, 15.25], "texture": "#0"}
			}
		},
		{
			"from": [21, 6.375, 8.875],
			"to": [24.5, 7.375, 9.875],
			"rotation": {"angle": 0, "axis": "y", "origin": [28, 16.5, 15.5]},
			"faces": {
				"north": {"uv": [12, 4, 15.5, 5], "texture": "#0"},
				"east": {"uv": [15, 6, 16, 7], "texture": "#0"},
				"south": {"uv": [12, 5, 15.5, 6], "texture": "#0"},
				"west": {"uv": [13, 5, 14, 6], "texture": "#0"},
				"up": {"uv": [12, 7, 15.5, 8], "texture": "#0"},
				"down": {"uv": [12, 5, 15.5, 6], "texture": "#0"}
			}
		},
		{
			"from": [21, 6.375, 11.125],
			"to": [24.5, 7.375, 12.125],
			"rotation": {"angle": 0, "axis": "y", "origin": [28, 16.5, 17.75]},
			"faces": {
				"north": {"uv": [12, 4, 15.5, 5], "texture": "#0"},
				"east": {"uv": [15, 6, 16, 7], "texture": "#0"},
				"south": {"uv": [12, 5, 15.5, 6], "texture": "#0"},
				"west": {"uv": [13, 5, 14, 6], "texture": "#0"},
				"up": {"uv": [12, 7, 15.5, 8], "texture": "#0"},
				"down": {"uv": [12, 5, 15.5, 6], "texture": "#0"}
			}
		},
		{
			"from": [4.75, 8, 6.75],
			"to": [8.25, 9, 10.25],
			"rotation": {"angle": 0, "axis": "y", "origin": [11, 19, 14]},
			"faces": {
				"north": {"uv": [12, 4, 15.5, 5], "texture": "#0"},
				"east": {"uv": [12, 5, 15.5, 6], "texture": "#0"},
				"south": {"uv": [12, 4, 15.5, 5], "texture": "#0"},
				"west": {"uv": [12, 5, 15.5, 6], "texture": "#0"},
				"up": {"uv": [12, 4, 15.5, 7.5], "texture": "#0"},
				"down": {"uv": [12, 4, 15.5, 7.5], "texture": "#0"}
			}
		},
		{
			"from": [5, 9, 7],
			"to": [8, 13, 10],
			"rotation": {"angle": 0, "axis": "y", "origin": [11, 20, 14]},
			"faces": {
				"north": {"uv": [13, 0, 16, 4], "texture": "#0"},
				"east": {"uv": [13, 0, 16, 4], "texture": "#0"},
				"south": {"uv": [13, 0, 16, 4], "texture": "#0"},
				"west": {"uv": [13, 0, 16, 4], "texture": "#0"},
				"up": {"uv": [13, 0, 16, 3], "texture": "#0"},
				"down": {"uv": [13, 0, 16, 3], "texture": "#0"}
			}
		},
		{
			"from": [4.75, 13, 6.75],
			"to": [8.25, 14, 10.25],
			"rotation": {"angle": 0, "axis": "y", "origin": [11, 24, 14]},
			"faces": {
				"north": {"uv": [12, 4, 15.5, 5], "texture": "#0"},
				"east": {"uv": [12, 5, 15.5, 6], "texture": "#0"},
				"south": {"uv": [12, 4, 15.5, 5], "texture": "#0"},
				"west": {"uv": [12, 5, 15.5, 6], "texture": "#0"},
				"up": {"uv": [12, 4, 15.5, 7.5], "texture": "#0"},
				"down": {"uv": [12, 4, 15.5, 7.5], "texture": "#0"}
			}
		},
		{
			"from": [4.75, 13, 10.75],
			"to": [8.25, 14, 14.25],
			"rotation": {"angle": 0, "axis": "y", "origin": [11, 24, 18]},
			"faces": {
				"north": {"uv": [12, 4, 15.5, 5], "texture": "#0"},
				"east": {"uv": [12, 5, 15.5, 6], "texture": "#0"},
				"south": {"uv": [12, 4, 15.5, 5], "texture": "#0"},
				"west": {"uv": [12, 5, 15.5, 6], "texture": "#0"},
				"up": {"uv": [12, 4, 15.5, 7.5], "texture": "#0"},
				"down": {"uv": [12, 4, 15.5, 7.5], "texture": "#0"}
			}
		},
		{
			"from": [5, 9, 11],
			"to": [8, 13, 14],
			"rotation": {"angle": 0, "axis": "y", "origin": [11, 20, 18]},
			"faces": {
				"north": {"uv": [13, 0, 16, 4], "texture": "#0"},
				"east": {"uv": [13, 0, 16, 4], "texture": "#0"},
				"south": {"uv": [13, 0, 16, 4], "texture": "#0"},
				"west": {"uv": [13, 0, 16, 4], "texture": "#0"},
				"up": {"uv": [13, 0, 16, 3], "texture": "#0"},
				"down": {"uv": [13, 0, 16, 3], "texture": "#0"}
			}
		},
		{
			"from": [4.75, 8, 10.75],
			"to": [8.25, 9, 14.25],
			"rotation": {"angle": 0, "axis": "y", "origin": [11, 19, 18]},
			"faces": {
				"north": {"uv": [12, 4, 15.5, 5], "texture": "#0"},
				"east": {"uv": [12, 5, 15.5, 6], "texture": "#0"},
				"south": {"uv": [12, 4, 15.5, 5], "texture": "#0"},
				"west": {"uv": [12, 5, 15.5, 6], "texture": "#0"},
				"up": {"uv": [12, 4, 15.5, 7.5], "texture": "#0"},
				"down": {"uv": [12, 4, 15.5, 7.5], "texture": "#0"}
			}
		}
	],
	"gui_light": "front",
	"display": {
		"thirdperson_righthand": {
			"rotation": [0, 90, 0],
			"translation": [-3, 4.25, 1]
		},
		"thirdperson_lefthand": {
			"translation": [-1, 2.25, 0]
		},
		"firstperson_righthand": {
			"rotation": [0, 96, 0],
			"translation": [0, 4.5, 0.75]
		},
		"firstperson_lefthand": {
			"translation": [80, -5, 0]
		},
		"ground": {
			"rotation": [90, 0, 0],
			"translation": [-5.25, 0, 2.25]
		},
		"gui": {
			"rotation": [8, 137, 0],
			"translation": [2, 1.25, 0]
		},
		"fixed": {
			"translation": [-5.25, 1, -3]
		}
	}
}