{
	"credit": "Made with Blockbench",
	"textures": {
		"0": "shotgun",
		"particle": "shotgun"
	},
	"elements": [
		{
			"from": [8, 8, 5.5],
			"to": [9.5, 10, 7.5],
			"rotation": {"angle": 0, "axis": "y", "origin": [10, 16, 13]},
			"faces": {
				"north": {"uv": [0, 0, 2, 3], "texture": "#0"},
				"east": {"uv": [0, 0, 2, 3], "texture": "#0"},
				"south": {"uv": [0, 0, 2, 3], "texture": "#0"},
				"west": {"uv": [0, 0, 2, 3], "texture": "#0"},
				"up": {"uv": [0, 0, 2, 3], "texture": "#0"},
				"down": {"uv": [0, 13, 16, 16], "texture": "#0"}
			}
		},
		{
			"name": "octagon",
			"from": [7.5, 3.75736, 3.5],
			"to": [10, 6.24264, 9.5],
			"rotation": {"angle": 45, "axis": "x", "origin": [8, 5, 6.5]},
			"faces": {
				"north": {"uv": [0, 0, 3, 3], "texture": "#0"},
				"east": {"uv": [0, 0, 1, 1], "texture": "#0"},
				"south": {"uv": [0, 0, 3, 3], "texture": "#0"},
				"west": {"uv": [0, 0, 1, 1], "texture": "#0"},
				"up": {"uv": [0, 0, 1, 1], "texture": "#0"},
				"down": {"uv": [0, 0, 1, 1], "texture": "#0"}
			}
		},
		{
			"name": "octagon",
			"from": [7.5, 3.75736, 3.5],
			"to": [10, 6.24264, 9.5],
			"rotation": {"angle": 0, "axis": "x", "origin": [8, 5, 6.5]},
			"faces": {
				"north": {"uv": [0, 0, 3, 3], "texture": "#0"},
				"east": {"uv": [0, 0, 1, 1], "texture": "#0"},
				"south": {"uv": [0, 0, 3, 3], "texture": "#0"},
				"west": {"uv": [0, 0, 1, 1], "texture": "#0"},
				"up": {"uv": [0, 0, 1, 1], "texture": "#0"},
				"down": {"uv": [0, 0, 1, 1], "texture": "#0"}
			}
		},
		{
			"name": "octagon",
			"from": [7.5, 2, 5.25736],
			"to": [10, 8, 7.74264],
			"rotation": {"angle": 45, "axis": "x", "origin": [8, 5, 6.5]},
			"faces": {
				"north": {"uv": [0, 0, 1, 1], "texture": "#0"},
				"east": {"uv": [0, 0, 1, 1], "texture": "#0"},
				"south": {"uv": [0, 0, 1, 1], "texture": "#0"},
				"west": {"uv": [0, 0, 1, 1], "texture": "#0"},
				"up": {"uv": [0, 0, 3, 3], "texture": "#0"},
				"down": {"uv": [0, 0, 3, 3], "texture": "#0"}
			}
		},
		{
			"name": "octagon",
			"from": [7.5, 2, 5.25736],
			"to": [10, 8, 7.74264],
			"rotation": {"angle": 0, "axis": "x", "origin": [8, 5, 6.5]},
			"faces": {
				"north": {"uv": [0, 0, 1, 1], "texture": "#0"},
				"east": {"uv": [0, 0, 1, 1], "texture": "#0"},
				"south": {"uv": [0, 0, 1, 1], "texture": "#0"},
				"west": {"uv": [0, 0, 1, 1], "texture": "#0"},
				"up": {"uv": [0, 0, 3, 3], "texture": "#0"},
				"down": {"uv": [0, 0, 3, 3], "texture": "#0"}
			}
		}
	],
	"gui_light": "front",
	"display": {
		"thirdperson_righthand": {
			"rotation": [0, 90, 0],
			"translation": [1.25, 2.5, 0.5]
		},
		"thirdperson_lefthand": {
			"rotation": [0, 90, 0],
			"translation": [3, 2.25, -1.75]
		},
		"firstperson_righthand": {
			"rotation": [0, 80, 0],
			"translation": [7.75, 0.25, -1]
		},
		"firstperson_lefthand": {
			"translation": [6, 0.75, 0]
		},
		"ground": {
			"translation": [-1.25, 1.25, 1.75],
			"scale": [0.9, 0.9, 0.9]
		},
		"gui": {
			"rotation": [9, -145, 0],
			"translation": [0.25, 2.5, 0]
		},
		"fixed": {
			"rotation": [0, 90, 0],
			"translation": [1, 3, -0.25]
		}
	},
	"groups": [0,
		{
			"name": "octagon",
			"origin": [8, 8, 8],
			"children": [1, 2, 3, 4]
		}
	]
}