{
	"credit": "Made with Blockbench",
	"textures": {
		"0": "laser_shield",
		"particle": "laser_shield"
	},
	"elements": [
		{
			"from": [7, 0, 3.25],
			"to": [9, 0.75, 6],
			"rotation": {"angle": 0, "axis": "y", "origin": [13, 8, 8]},
			"faces": {
				"north": {"uv": [14, 0, 16, 0.75], "texture": "#0"},
				"east": {"uv": [13, 0, 15.75, 0.75], "texture": "#0"},
				"south": {"uv": [14, 0, 16, 0.75], "texture": "#0"},
				"west": {"uv": [13, 0, 15.75, 0.75], "texture": "#0"},
				"up": {"uv": [14, 0, 16, 2.75], "texture": "#0"},
				"down": {"uv": [14, 0, 16, 2.75], "texture": "#0"}
			}
		},
		{
			"from": [7, 0, 12],
			"to": [9, 0.75, 14.75],
			"rotation": {"angle": 0, "axis": "y", "origin": [13, 8, 16.75]},
			"faces": {
				"north": {"uv": [14, 0, 16, 0.75], "texture": "#0"},
				"east": {"uv": [13, 0, 15.75, 0.75], "texture": "#0"},
				"south": {"uv": [14, 0, 16, 0.75], "texture": "#0"},
				"west": {"uv": [13, 0, 15.75, 0.75], "texture": "#0"},
				"up": {"uv": [14, 0, 16, 2.75], "texture": "#0"},
				"down": {"uv": [14, 0, 16, 2.75], "texture": "#0"}
			}
		},
		{
			"from": [5, 0, 6],
			"to": [11, 1, 12],
			"rotation": {"angle": 0, "axis": "y", "origin": [13, 8, 14]},
			"faces": {
				"north": {"uv": [0, 0, 6, 1], "texture": "#0"},
				"east": {"uv": [0, 0, 6, 1], "texture": "#0"},
				"south": {"uv": [0, 0, 6, 1], "texture": "#0"},
				"west": {"uv": [0, 0, 6, 1], "texture": "#0"},
				"up": {"uv": [0, 0, 6, 6], "texture": "#0"},
				"down": {"uv": [0, 0, 6, 6], "texture": "#0"}
			}
		},
		{
			"from": [11, 0, 8],
			"to": [13.75, 0.75, 10],
			"rotation": {"angle": 0, "axis": "y", "origin": [19, 8, 14]},
			"faces": {
				"north": {"uv": [0, 15, 2.75, 15.75], "texture": "#0"},
				"east": {"uv": [0, 15, 2, 15.75], "texture": "#0"},
				"south": {"uv": [0, 15, 2.75, 15.75], "texture": "#0"},
				"west": {"uv": [0, 15, 2, 15.75], "texture": "#0"},
				"up": {"uv": [0, 14, 2.75, 16], "texture": "#0"},
				"down": {"uv": [0, 14, 2.75, 16], "texture": "#0"}
			}
		},
		{
			"from": [2.25, 0, 8],
			"to": [5, 0.75, 10],
			"rotation": {"angle": 0, "axis": "y", "origin": [10.25, 8, 14]},
			"faces": {
				"north": {"uv": [0, 15, 2.75, 15.75], "texture": "#0"},
				"east": {"uv": [0, 15, 2, 15.75], "texture": "#0"},
				"south": {"uv": [0, 15, 2.75, 15.75], "texture": "#0"},
				"west": {"uv": [0, 15, 2, 15.75], "texture": "#0"},
				"up": {"uv": [0, 14, 2.75, 16], "texture": "#0"},
				"down": {"uv": [0, 14, 2.75, 16], "texture": "#0"}
			}
		},
		{
			"from": [6.75, 1, 7.75],
			"to": [9.25, 1.25, 10.25],
			"rotation": {"angle": 0, "axis": "y", "origin": [13, 9, 14]},
			"faces": {
				"north": {"uv": [13, 15, 15.5, 15.25], "texture": "#0"},
				"east": {"uv": [13, 15, 15.5, 15.25], "texture": "#0"},
				"south": {"uv": [13, 15, 15.5, 15.25], "texture": "#0"},
				"west": {"uv": [13, 15, 15.5, 15.25], "texture": "#0"},
				"up": {"uv": [13, 13, 15.5, 15.5], "texture": "#0"},
				"down": {"uv": [13, 13, 15.5, 15.5], "texture": "#0"}
			}
		}
	],
	"display": {
		"thirdperson_righthand": {
			"rotation": [75, 45, 0],
			"translation": [-0.5, 5, 7]
		},
		"thirdperson_lefthand": {
			"rotation": [75, 45, 0],
			"translation": [-1, 3.5, 6.25]
		},
		"firstperson_righthand": {
			"rotation": [0, 45, 0],
			"translation": [1.25, 8.25, 1.25]
		},
		"firstperson_lefthand": {
			"rotation": [0, 225, 0],
			"scale": [0.4, 0.4, 0.4]
		},
		"ground": {
			"translation": [0, 4, -1]
		},
		"gui": {
			"rotation": [30, 225, 0],
			"translation": [0.75, 5.75, 0]
		},
		"fixed": {
			"rotation": [-90, 0, 0],
			"translation": [0, -1.25, -7.75]
		}
	}
}