{
	"credit": "Made with Blockbench",
	"textures": {
		"0": "laser_rifle",
		"1": "laser_cannon",
		"particle": "laser_rifle"
	},
	"elements": [
		{
			"from": [2, 10, 2],
			"to": [9, 11, 8],
			"rotation": {"angle": 0, "axis": "y", "origin": [16, 12, 10]},
			"faces": {
				"north": {"uv": [0, 0, 7, 1], "texture": "#1"},
				"east": {"uv": [0, 0, 6, 1], "texture": "#1"},
				"south": {"uv": [0, 0, 7, 1], "texture": "#1"},
				"west": {"uv": [0, 0, 6, 1], "texture": "#1"},
				"up": {"uv": [0, 0, 7, 6], "texture": "#1"},
				"down": {"uv": [0, 0, 7, 6], "texture": "#1"}
			}
		},
		{
			"from": [2, 4, 8],
			"to": [9, 11, 9],
			"rotation": {"angle": 0, "axis": "y", "origin": [16, 12, 11]},
			"faces": {
				"north": {"uv": [0, 0, 7, 7], "texture": "#1"},
				"east": {"uv": [0, 0, 1, 7], "texture": "#1"},
				"south": {"uv": [0, 0, 7, 7], "texture": "#1"},
				"west": {"uv": [0, 0, 1, 7], "texture": "#1"},
				"up": {"uv": [0, 0, 7, 1], "texture": "#1"},
				"down": {"uv": [0, 0, 7, 1], "texture": "#1"}
			}
		},
		{
			"from": [8, 5, 2],
			"to": [9, 10, 8],
			"rotation": {"angle": 0, "axis": "y", "origin": [16, 12, 10]},
			"faces": {
				"north": {"uv": [0, 0, 1, 5], "texture": "#1"},
				"east": {"uv": [0, 0, 6, 5], "texture": "#1"},
				"south": {"uv": [0, 0, 1, 5], "texture": "#1"},
				"west": {"uv": [0, 0, 6, 5], "texture": "#1"},
				"up": {"uv": [0, 0, 1, 6], "texture": "#1"},
				"down": {"uv": [0, 0, 1, 6], "texture": "#1"}
			}
		},
		{
			"from": [2, 5, 2],
			"to": [3, 10, 8],
			"rotation": {"angle": 0, "axis": "y", "origin": [10, 12, 10]},
			"faces": {
				"north": {"uv": [0, 0, 1, 5], "texture": "#1"},
				"east": {"uv": [0, 0, 6, 5], "texture": "#1"},
				"south": {"uv": [0, 0, 1, 5], "texture": "#1"},
				"west": {"uv": [0, 0, 6, 5], "texture": "#1"},
				"up": {"uv": [0, 0, 1, 6], "texture": "#1"},
				"down": {"uv": [0, 0, 1, 6], "texture": "#1"}
			}
		},
		{
			"from": [2, 4, 2],
			"to": [9, 5, 8],
			"rotation": {"angle": 0, "axis": "y", "origin": [16, 12, 10]},
			"faces": {
				"north": {"uv": [0, 0, 7, 1], "texture": "#1"},
				"east": {"uv": [0, 0, 6, 1], "texture": "#1"},
				"south": {"uv": [0, 0, 7, 1], "texture": "#1"},
				"west": {"uv": [0, 0, 6, 1], "texture": "#1"},
				"up": {"uv": [0, 0, 7, 6], "texture": "#1"},
				"down": {"uv": [0, 0, 7, 6], "texture": "#1"}
			}
		},
		{
			"from": [4.5, 0.75, 20.5],
			"to": [6.5, 4.8125, 22.5],
			"rotation": {"angle": 22.5, "axis": "x", "origin": [5.5, 2.75, 21.5]},
			"faces": {
				"north": {"uv": [14, 5, 16, 9.063], "texture": "#1"},
				"east": {"uv": [14, 5, 16, 9.063], "texture": "#1"},
				"south": {"uv": [14, 5, 16, 9.063], "texture": "#1"},
				"west": {"uv": [14, 5, 16, 9.063], "texture": "#1"},
				"up": {"uv": [14, 5, 16, 7], "texture": "#1"},
				"down": {"uv": [14, 5, 16, 7], "texture": "#1"}
			}
		},
		{
			"from": [3.5, 4.25, 19.5],
			"to": [7.5, 5.25, 24.25],
			"rotation": {"angle": 0, "axis": "y", "origin": [16, 6.25, 26.5]},
			"faces": {
				"north": {"uv": [0, 0, 4, 1], "texture": "#1"},
				"east": {"uv": [0, 0, 4.75, 1], "texture": "#1"},
				"south": {"uv": [0, 0, 4, 1], "texture": "#1"},
				"west": {"uv": [0, 0, 4.75, 1], "texture": "#1"},
				"up": {"uv": [0, 0, 4, 4.75], "texture": "#1"},
				"down": {"uv": [0, 0, 4, 4.75], "texture": "#1"}
			}
		},
		{
			"from": [4, 0.25, 19.25],
			"to": [7, 1.25, 22.25],
			"rotation": {"angle": 22.5, "axis": "x", "origin": [5.5, 0.75, 20.875]},
			"faces": {
				"north": {"uv": [0, 0, 3, 1], "texture": "#1"},
				"east": {"uv": [0, 0, 3, 1], "texture": "#1"},
				"south": {"uv": [0, 0, 3, 1], "texture": "#1"},
				"west": {"uv": [0, 0, 3, 1], "texture": "#1"},
				"up": {"uv": [0, 0, 3, 3], "texture": "#1"},
				"down": {"uv": [0, 0, 3, 3], "texture": "#1"}
			}
		},
		{
			"from": [3.25, 5.25, 9],
			"to": [7.75, 9.75, 25],
			"rotation": {"angle": 0, "axis": "y", "origin": [16, 12, 17]},
			"faces": {
				"north": {"uv": [0, 0, 4.5, 4.5], "texture": "#1"},
				"east": {"uv": [0, 0, 16, 4.5], "texture": "#1"},
				"south": {"uv": [0, 0, 4.5, 4.5], "texture": "#1"},
				"west": {"uv": [0, 0, 16, 4.5], "texture": "#1"},
				"up": {"uv": [0, 0, 4.5, 16], "texture": "#1"},
				"down": {"uv": [0, 0, 4.5, 16], "texture": "#1"}
			}
		},
		{
			"from": [7.75, 6.25, 11],
			"to": [8.5, 8.75, 15],
			"rotation": {"angle": 0, "axis": "y", "origin": [20.5, 12, 17]},
			"faces": {
				"north": {"uv": [0, 0, 0.75, 2.5], "texture": "#1"},
				"east": {"uv": [0, 0, 4, 2.5], "texture": "#1"},
				"south": {"uv": [0, 0, 0.75, 2.5], "texture": "#1"},
				"west": {"uv": [0, 0, 4, 2.5], "texture": "#1"},
				"up": {"uv": [0, 0, 0.75, 4], "texture": "#1"},
				"down": {"uv": [0, 0, 0.75, 4], "texture": "#1"}
			}
		},
		{
			"from": [2.4375, 6.25, 11],
			"to": [3.1875, 8.75, 15],
			"rotation": {"angle": 0, "axis": "y", "origin": [15.1875, 12, 17]},
			"faces": {
				"north": {"uv": [0, 0, 0.75, 2.5], "texture": "#1"},
				"east": {"uv": [0, 0, 4, 2.5], "texture": "#1"},
				"south": {"uv": [0, 0, 0.75, 2.5], "texture": "#1"},
				"west": {"uv": [10, 5, 14, 7.5], "texture": "#1"},
				"up": {"uv": [0, 0, 0.75, 4], "texture": "#1"},
				"down": {"uv": [0, 0, 0.75, 4], "texture": "#1"}
			}
		},
		{
			"from": [2.4375, 6.25, 17],
			"to": [3.1875, 8.75, 21],
			"rotation": {"angle": 0, "axis": "y", "origin": [15.1875, 12, 23]},
			"faces": {
				"north": {"uv": [0, 0, 0.75, 2.5], "texture": "#1"},
				"east": {"uv": [0, 0, 4, 2.5], "texture": "#1"},
				"south": {"uv": [0, 0, 0.75, 2.5], "texture": "#1"},
				"west": {"uv": [10, 5, 14, 7.5], "texture": "#1"},
				"up": {"uv": [0, 0, 0.75, 4], "texture": "#1"},
				"down": {"uv": [0, 0, 0.75, 4], "texture": "#1"}
			}
		},
		{
			"from": [7.75, 6.25, 17],
			"to": [8.5, 8.75, 21],
			"rotation": {"angle": 0, "axis": "y", "origin": [20.5, 12, 23]},
			"faces": {
				"north": {"uv": [0, 0, 0.75, 2.5], "texture": "#1"},
				"east": {"uv": [0, 0, 4, 2.5], "texture": "#1"},
				"south": {"uv": [0, 0, 0.75, 2.5], "texture": "#1"},
				"west": {"uv": [0, 0, 4, 2.5], "texture": "#1"},
				"up": {"uv": [0, 0, 0.75, 4], "texture": "#1"},
				"down": {"uv": [0, 0, 0.75, 4], "texture": "#1"}
			}
		},
		{
			"from": [8.5625, 6.25, 17],
			"to": [8.5625, 8.75, 21],
			"rotation": {"angle": 0, "axis": "y", "origin": [21.3125, 12, 23]},
			"faces": {
				"north": {"uv": [0, 0, 0, 2.5], "texture": "#1"},
				"east": {"uv": [10, 5, 14, 7.5], "texture": "#1"},
				"south": {"uv": [0, 0, 0, 2.5], "texture": "#1"},
				"west": {"uv": [0, 0, 4, 2.5], "texture": "#1"},
				"up": {"uv": [0, 0, 0, 4], "texture": "#1"},
				"down": {"uv": [0, 0, 0, 4], "texture": "#1"}
			}
		},
		{
			"from": [8.5625, 6.25, 11],
			"to": [8.5625, 8.75, 15],
			"rotation": {"angle": 0, "axis": "y", "origin": [21.3125, 12, 17]},
			"faces": {
				"north": {"uv": [0, 0, 0, 2.5], "texture": "#1"},
				"east": {"uv": [10, 5, 14, 7.5], "texture": "#1"},
				"south": {"uv": [0, 0, 0, 2.5], "texture": "#1"},
				"west": {"uv": [0, 0, 4, 2.5], "texture": "#1"},
				"up": {"uv": [0, 0, 0, 4], "texture": "#1"},
				"down": {"uv": [0, 0, 0, 4], "texture": "#1"}
			}
		},
		{
			"from": [2.5, 6.25, 11],
			"to": [2.5, 8.75, 15],
			"rotation": {"angle": 0, "axis": "y", "origin": [15.25, 12, 17]},
			"faces": {
				"north": {"uv": [0, 0, 0, 2.5], "texture": "#1"},
				"east": {"uv": [10, 5, 14, 7.5], "texture": "#1"},
				"south": {"uv": [0, 0, 0, 2.5], "texture": "#1"},
				"west": {"uv": [0, 0, 4, 2.5], "texture": "#1"},
				"up": {"uv": [0, 0, 0, 4], "texture": "#1"},
				"down": {"uv": [0, 0, 0, 4], "texture": "#1"}
			}
		},
		{
			"from": [2.5, 6.25, 17],
			"to": [3.25, 8.75, 21],
			"rotation": {"angle": 0, "axis": "y", "origin": [15.25, 12, 23]},
			"faces": {
				"north": {"uv": [0, 0, 0.75, 2.5], "texture": "#1"},
				"east": {"uv": [0, 0, 4, 2.5], "texture": "#1"},
				"south": {"uv": [0, 0, 0.75, 2.5], "texture": "#1"},
				"west": {"uv": [0, 0, 4, 2.5], "texture": "#1"},
				"up": {"uv": [0, 0, 0.75, 4], "texture": "#1"},
				"down": {"uv": [0, 0, 0.75, 4], "texture": "#1"}
			}
		},
		{
			"from": [2.75, 4.75, 25],
			"to": [8.25, 10.25, 26],
			"rotation": {"angle": 0, "axis": "y", "origin": [16, 12, 24]},
			"faces": {
				"north": {"uv": [0, 0, 5.5, 5.5], "texture": "#1"},
				"east": {"uv": [0, 0, 1, 5.5], "texture": "#1"},
				"south": {"uv": [0, 0, 5.5, 5.5], "texture": "#1"},
				"west": {"uv": [0, 0, 1, 5.5], "texture": "#1"},
				"up": {"uv": [0, 0, 5.5, 1], "texture": "#1"},
				"down": {"uv": [0, 0, 5.5, 1], "texture": "#1"}
			}
		},
		{
			"from": [4.75, 6.75, 26],
			"to": [6.25, 8.25, 28],
			"rotation": {"angle": 0, "axis": "y", "origin": [16, 12, 25]},
			"faces": {
				"north": {"uv": [14, 14, 15.5, 15.5], "texture": "#0"},
				"east": {"uv": [14, 14, 16, 15.5], "texture": "#0"},
				"south": {"uv": [14, 14, 15.5, 15.5], "texture": "#0"},
				"west": {"uv": [14, 14, 16, 15.5], "texture": "#0"},
				"up": {"uv": [14, 14, 15.5, 16], "texture": "#0"},
				"down": {"uv": [14, 14, 15.5, 16], "texture": "#0"}
			}
		},
		{
			"from": [2.75, 9.25, 26],
			"to": [8.25, 10.25, 31],
			"rotation": {"angle": 0, "axis": "y", "origin": [16, 12, 24]},
			"faces": {
				"north": {"uv": [0, 0, 5.5, 1], "texture": "#1"},
				"east": {"uv": [0, 0, 5, 1], "texture": "#1"},
				"south": {"uv": [0, 0, 5.5, 1], "texture": "#1"},
				"west": {"uv": [0, 0, 5, 1], "texture": "#1"},
				"up": {"uv": [0, 0, 5.5, 5], "texture": "#1"},
				"down": {"uv": [0, 0, 5.5, 5], "texture": "#1"}
			}
		},
		{
			"from": [2.75, 4.75, 26],
			"to": [8.25, 5.75, 31],
			"rotation": {"angle": 0, "axis": "y", "origin": [16, 12, 24]},
			"faces": {
				"north": {"uv": [0, 0, 5.5, 1], "texture": "#1"},
				"east": {"uv": [0, 0, 5, 1], "texture": "#1"},
				"south": {"uv": [0, 0, 5.5, 1], "texture": "#1"},
				"west": {"uv": [0, 0, 5, 1], "texture": "#1"},
				"up": {"uv": [0, 0, 5.5, 5], "texture": "#1"},
				"down": {"uv": [0, 0, 5.5, 5], "texture": "#1"}
			}
		},
		{
			"from": [2.75, 5.75, 26],
			"to": [3.75, 9.25, 31],
			"rotation": {"angle": 0, "axis": "y", "origin": [16, 12, 24]},
			"faces": {
				"north": {"uv": [0, 0, 1, 3.5], "texture": "#1"},
				"east": {"uv": [0, 0, 5, 3.5], "texture": "#1"},
				"south": {"uv": [0, 0, 1, 3.5], "texture": "#1"},
				"west": {"uv": [0, 0, 5, 3.5], "texture": "#1"},
				"up": {"uv": [0, 0, 1, 5], "texture": "#1"},
				"down": {"uv": [0, 0, 1, 5], "texture": "#1"}
			}
		},
		{
			"from": [7.25, 5.75, 26],
			"to": [8.25, 9.25, 31],
			"rotation": {"angle": 0, "axis": "y", "origin": [20.5, 12, 24]},
			"faces": {
				"north": {"uv": [0, 0, 1, 3.5], "texture": "#1"},
				"east": {"uv": [0, 0, 5, 3.5], "texture": "#1"},
				"south": {"uv": [0, 0, 1, 3.5], "texture": "#1"},
				"west": {"uv": [0, 0, 5, 3.5], "texture": "#1"},
				"up": {"uv": [0, 0, 1, 5], "texture": "#1"},
				"down": {"uv": [0, 0, 1, 5], "texture": "#1"}
			}
		},
		{
			"from": [3.25, 9.5, 6],
			"to": [7.75, 9.75, 7],
			"rotation": {"angle": 0, "axis": "y", "origin": [16, 11.5, 12]},
			"faces": {
				"north": {"uv": [15, 15, 16, 16], "texture": "#1"},
				"east": {"uv": [15, 15, 16, 16], "texture": "#1"},
				"south": {"uv": [15, 15, 16, 16], "texture": "#1"},
				"west": {"uv": [15, 15, 16, 16], "texture": "#1"},
				"up": {"uv": [15, 15, 16, 16], "texture": "#1"},
				"down": {"uv": [15, 15, 16, 16], "texture": "#1"}
			}
		},
		{
			"from": [7.5, 5.5, 6],
			"to": [7.75, 9.5, 7],
			"rotation": {"angle": 0, "axis": "y", "origin": [15.75, 7.25, 12]},
			"faces": {
				"north": {"uv": [15, 15, 16, 16], "texture": "#1"},
				"east": {"uv": [15, 15, 16, 16], "texture": "#1"},
				"south": {"uv": [15, 15, 16, 16], "texture": "#1"},
				"west": {"uv": [15, 15, 16, 16], "texture": "#1"},
				"up": {"uv": [15, 15, 16, 16], "texture": "#1"},
				"down": {"uv": [15, 15, 16, 16], "texture": "#1"}
			}
		},
		{
			"from": [3.25, 5.5, 6],
			"to": [3.5, 9.5, 7],
			"rotation": {"angle": 0, "axis": "y", "origin": [11.5, 7.25, 12]},
			"faces": {
				"north": {"uv": [15, 15, 16, 16], "texture": "#1"},
				"east": {"uv": [15, 15, 16, 16], "texture": "#1"},
				"south": {"uv": [15, 15, 16, 16], "texture": "#1"},
				"west": {"uv": [15, 15, 16, 16], "texture": "#1"},
				"up": {"uv": [15, 15, 16, 16], "texture": "#1"},
				"down": {"uv": [15, 15, 16, 16], "texture": "#1"}
			}
		},
		{
			"from": [3.25, 5.25, 6],
			"to": [7.75, 5.5, 7],
			"rotation": {"angle": 0, "axis": "y", "origin": [16, 7.25, 12]},
			"faces": {
				"north": {"uv": [15, 15, 16, 16], "texture": "#1"},
				"east": {"uv": [15, 15, 16, 16], "texture": "#1"},
				"south": {"uv": [15, 15, 16, 16], "texture": "#1"},
				"west": {"uv": [15, 15, 16, 16], "texture": "#1"},
				"up": {"uv": [15, 15, 16, 16], "texture": "#1"},
				"down": {"uv": [15, 15, 16, 16], "texture": "#1"}
			}
		},
		{
			"name": "octagon",
			"from": [4.29289, 6.0625, 5.5],
			"to": [4.70711, 7.0625, 7.875],
			"rotation": {"angle": 45, "axis": "z", "origin": [4.5, 6.5625, 6.5]},
			"faces": {
				"north": {"uv": [10, 0, 11, 1], "texture": "#0"},
				"east": {"uv": [10, 0, 11, 1], "texture": "#0"},
				"south": {"uv": [10, 0, 11, 1], "texture": "#0"},
				"west": {"uv": [10, 0, 11, 1], "texture": "#0"},
				"up": {"uv": [10, 0, 11, 1], "texture": "#0"},
				"down": {"uv": [10, 0, 11, 1], "texture": "#0"}
			}
		},
		{
			"name": "octagon",
			"from": [4.29289, 6.0625, 5.5],
			"to": [4.70711, 7.0625, 7.875],
			"rotation": {"angle": 0, "axis": "z", "origin": [4.5, 6.5625, 6.5]},
			"faces": {
				"north": {"uv": [10, 0, 11, 1], "texture": "#0"},
				"east": {"uv": [10, 0, 11, 1], "texture": "#0"},
				"south": {"uv": [10, 0, 11, 1], "texture": "#0"},
				"west": {"uv": [10, 0, 11, 1], "texture": "#0"},
				"up": {"uv": [10, 0, 11, 1], "texture": "#0"},
				"down": {"uv": [10, 0, 11, 1], "texture": "#0"}
			}
		},
		{
			"name": "octagon",
			"from": [4, 6.35539, 5.5],
			"to": [5, 6.76961, 7.875],
			"rotation": {"angle": 45, "axis": "z", "origin": [4.5, 6.5625, 6.5]},
			"faces": {
				"north": {"uv": [10, 0, 11, 1], "texture": "#0"},
				"east": {"uv": [10, 0, 11, 1], "texture": "#0"},
				"south": {"uv": [10, 0, 11, 1], "texture": "#0"},
				"west": {"uv": [10, 0, 11, 1], "texture": "#0"},
				"up": {"uv": [10, 0, 11, 1], "texture": "#0"},
				"down": {"uv": [10, 0, 11, 1], "texture": "#0"}
			}
		},
		{
			"name": "octagon",
			"from": [4, 6.35539, 5.5],
			"to": [5, 6.76961, 7.875],
			"rotation": {"angle": 0, "axis": "z", "origin": [4.5, 6.5625, 6.5]},
			"faces": {
				"north": {"uv": [10, 0, 11, 1], "texture": "#0"},
				"east": {"uv": [10, 0, 11, 1], "texture": "#0"},
				"south": {"uv": [10, 0, 11, 1], "texture": "#0"},
				"west": {"uv": [10, 0, 11, 1], "texture": "#0"},
				"up": {"uv": [10, 0, 11, 1], "texture": "#0"},
				"down": {"uv": [10, 0, 11, 1], "texture": "#0"}
			}
		},
		{
			"name": "octagon",
			"from": [4.18934, 5.8125, 5.375],
			"to": [4.81066, 7.3125, 7.75],
			"rotation": {"angle": 45, "axis": "z", "origin": [4.5, 6.5625, 6.5]},
			"faces": {
				"north": {"uv": [11, 0, 12, 1], "texture": "#0"},
				"east": {"uv": [11, 0, 12, 1], "texture": "#0"},
				"south": {"uv": [11, 0, 12, 1], "texture": "#0"},
				"west": {"uv": [11, 0, 12, 1], "texture": "#0"},
				"up": {"uv": [11, 0, 12, 1], "texture": "#0"},
				"down": {"uv": [11, 0, 12, 1], "texture": "#0"}
			}
		},
		{
			"name": "octagon",
			"from": [4.18934, 5.8125, 5.375],
			"to": [4.81066, 7.3125, 7.75],
			"rotation": {"angle": 0, "axis": "z", "origin": [4.5, 6.5625, 6.5]},
			"faces": {
				"north": {"uv": [11, 0, 12, 1], "texture": "#0"},
				"east": {"uv": [11, 0, 12, 1], "texture": "#0"},
				"south": {"uv": [11, 0, 12, 1], "texture": "#0"},
				"west": {"uv": [11, 0, 12, 1], "texture": "#0"},
				"up": {"uv": [11, 0, 12, 1], "texture": "#0"},
				"down": {"uv": [11, 0, 12, 1], "texture": "#0"}
			}
		},
		{
			"name": "octagon",
			"from": [3.75, 6.25184, 5.375],
			"to": [5.25, 6.87316, 7.75],
			"rotation": {"angle": 45, "axis": "z", "origin": [4.5, 6.5625, 6.5]},
			"faces": {
				"north": {"uv": [11, 0, 12, 1], "texture": "#0"},
				"east": {"uv": [11, 0, 12, 1], "texture": "#0"},
				"south": {"uv": [11, 0, 12, 1], "texture": "#0"},
				"west": {"uv": [11, 0, 12, 1], "texture": "#0"},
				"up": {"uv": [11, 0, 12, 1], "texture": "#0"},
				"down": {"uv": [11, 0, 12, 1], "texture": "#0"}
			}
		},
		{
			"name": "octagon",
			"from": [3.75, 6.25184, 5.375],
			"to": [5.25, 6.87316, 7.75],
			"rotation": {"angle": 0, "axis": "z", "origin": [4.5, 6.5625, 6.5]},
			"faces": {
				"north": {"uv": [11, 0, 12, 1], "texture": "#0"},
				"east": {"uv": [11, 0, 12, 1], "texture": "#0"},
				"south": {"uv": [11, 0, 12, 1], "texture": "#0"},
				"west": {"uv": [11, 0, 12, 1], "texture": "#0"},
				"up": {"uv": [11, 0, 12, 1], "texture": "#0"},
				"down": {"uv": [11, 0, 12, 1], "texture": "#0"}
			}
		},
		{
			"name": "octagon",
			"from": [4.08579, 5.5625, 5.5],
			"to": [4.91421, 7.5625, 7.5],
			"rotation": {"angle": 45, "axis": "z", "origin": [4.5, 6.5625, 6.5]},
			"faces": {
				"north": {"uv": [15, 0, 16, 1], "texture": "#0"},
				"east": {"uv": [12, 0, 15, 1], "texture": "#0"},
				"south": {"uv": [15, 0, 16, 1], "texture": "#0"},
				"west": {"uv": [12, 0, 15, 1], "texture": "#0"},
				"up": {"uv": [14, 0, 15, 3], "texture": "#0"},
				"down": {"uv": [14, 0, 15, 3], "texture": "#0"}
			}
		},
		{
			"name": "octagon",
			"from": [4.08579, 5.5625, 5.5],
			"to": [4.91421, 7.5625, 7.5],
			"rotation": {"angle": 0, "axis": "z", "origin": [4.5, 6.5625, 6.5]},
			"faces": {
				"north": {"uv": [15, 0, 16, 1], "texture": "#0"},
				"east": {"uv": [12, 0, 15, 1], "texture": "#0"},
				"south": {"uv": [15, 0, 16, 1], "texture": "#0"},
				"west": {"uv": [12, 0, 15, 1], "texture": "#0"},
				"up": {"uv": [14, 0, 15, 3], "texture": "#0"},
				"down": {"uv": [14, 0, 15, 3], "texture": "#0"}
			}
		},
		{
			"name": "octagon",
			"from": [3.5, 6.14829, 5.5],
			"to": [5.5, 6.97671, 7.5],
			"rotation": {"angle": 45, "axis": "z", "origin": [4.5, 6.5625, 6.5]},
			"faces": {
				"north": {"uv": [15, 0, 16, 1], "texture": "#0"},
				"east": {"uv": [12, 0, 15, 1], "texture": "#0"},
				"south": {"uv": [15, 0, 16, 1], "texture": "#0"},
				"west": {"uv": [12, 0, 15, 1], "texture": "#0"},
				"up": {"uv": [14, 0, 15, 3], "texture": "#0"},
				"down": {"uv": [14, 0, 15, 3], "texture": "#0"}
			}
		},
		{
			"name": "octagon",
			"from": [3.5, 6.14829, 5.5],
			"to": [5.5, 6.97671, 7.5],
			"rotation": {"angle": 0, "axis": "z", "origin": [4.5, 6.5625, 6.5]},
			"faces": {
				"north": {"uv": [15, 0, 16, 1], "texture": "#0"},
				"east": {"uv": [12, 0, 15, 1], "texture": "#0"},
				"south": {"uv": [15, 0, 16, 1], "texture": "#0"},
				"west": {"uv": [12, 0, 15, 1], "texture": "#0"},
				"up": {"uv": [14, 0, 15, 3], "texture": "#0"},
				"down": {"uv": [14, 0, 15, 3], "texture": "#0"}
			}
		},
		{
			"name": "octagon",
			"from": [6.29289, 6.0625, 5.5],
			"to": [6.70711, 7.0625, 7.875],
			"rotation": {"angle": 45, "axis": "z", "origin": [6.5, 6.5625, 6.5]},
			"faces": {
				"north": {"uv": [10, 0, 11, 1], "texture": "#0"},
				"east": {"uv": [10, 0, 11, 1], "texture": "#0"},
				"south": {"uv": [10, 0, 11, 1], "texture": "#0"},
				"west": {"uv": [10, 0, 11, 1], "texture": "#0"},
				"up": {"uv": [10, 0, 11, 1], "texture": "#0"},
				"down": {"uv": [10, 0, 11, 1], "texture": "#0"}
			}
		},
		{
			"name": "octagon",
			"from": [6.29289, 6.0625, 5.5],
			"to": [6.70711, 7.0625, 7.875],
			"rotation": {"angle": 0, "axis": "z", "origin": [6.5, 6.5625, 6.5]},
			"faces": {
				"north": {"uv": [10, 0, 11, 1], "texture": "#0"},
				"east": {"uv": [10, 0, 11, 1], "texture": "#0"},
				"south": {"uv": [10, 0, 11, 1], "texture": "#0"},
				"west": {"uv": [10, 0, 11, 1], "texture": "#0"},
				"up": {"uv": [10, 0, 11, 1], "texture": "#0"},
				"down": {"uv": [10, 0, 11, 1], "texture": "#0"}
			}
		},
		{
			"name": "octagon",
			"from": [6, 6.35539, 5.5],
			"to": [7, 6.76961, 7.875],
			"rotation": {"angle": 45, "axis": "z", "origin": [6.5, 6.5625, 6.5]},
			"faces": {
				"north": {"uv": [10, 0, 11, 1], "texture": "#0"},
				"east": {"uv": [10, 0, 11, 1], "texture": "#0"},
				"south": {"uv": [10, 0, 11, 1], "texture": "#0"},
				"west": {"uv": [10, 0, 11, 1], "texture": "#0"},
				"up": {"uv": [10, 0, 11, 1], "texture": "#0"},
				"down": {"uv": [10, 0, 11, 1], "texture": "#0"}
			}
		},
		{
			"name": "octagon",
			"from": [6, 6.35539, 5.5],
			"to": [7, 6.76961, 7.875],
			"rotation": {"angle": 0, "axis": "z", "origin": [6.5, 6.5625, 6.5]},
			"faces": {
				"north": {"uv": [10, 0, 11, 1], "texture": "#0"},
				"east": {"uv": [10, 0, 11, 1], "texture": "#0"},
				"south": {"uv": [10, 0, 11, 1], "texture": "#0"},
				"west": {"uv": [10, 0, 11, 1], "texture": "#0"},
				"up": {"uv": [10, 0, 11, 1], "texture": "#0"},
				"down": {"uv": [10, 0, 11, 1], "texture": "#0"}
			}
		},
		{
			"name": "octagon",
			"from": [6.18934, 5.8125, 5.375],
			"to": [6.81066, 7.3125, 7.75],
			"rotation": {"angle": 45, "axis": "z", "origin": [6.5, 6.5625, 6.5]},
			"faces": {
				"north": {"uv": [11, 0, 12, 1], "texture": "#0"},
				"east": {"uv": [11, 0, 12, 1], "texture": "#0"},
				"south": {"uv": [11, 0, 12, 1], "texture": "#0"},
				"west": {"uv": [11, 0, 12, 1], "texture": "#0"},
				"up": {"uv": [11, 0, 12, 1], "texture": "#0"},
				"down": {"uv": [11, 0, 12, 1], "texture": "#0"}
			}
		},
		{
			"name": "octagon",
			"from": [6.18934, 5.8125, 5.375],
			"to": [6.81066, 7.3125, 7.75],
			"rotation": {"angle": 0, "axis": "z", "origin": [6.5, 6.5625, 6.5]},
			"faces": {
				"north": {"uv": [11, 0, 12, 1], "texture": "#0"},
				"east": {"uv": [11, 0, 12, 1], "texture": "#0"},
				"south": {"uv": [11, 0, 12, 1], "texture": "#0"},
				"west": {"uv": [11, 0, 12, 1], "texture": "#0"},
				"up": {"uv": [11, 0, 12, 1], "texture": "#0"},
				"down": {"uv": [11, 0, 12, 1], "texture": "#0"}
			}
		},
		{
			"name": "octagon",
			"from": [5.75, 6.25184, 5.375],
			"to": [7.25, 6.87316, 7.75],
			"rotation": {"angle": 45, "axis": "z", "origin": [6.5, 6.5625, 6.5]},
			"faces": {
				"north": {"uv": [11, 0, 12, 1], "texture": "#0"},
				"east": {"uv": [11, 0, 12, 1], "texture": "#0"},
				"south": {"uv": [11, 0, 12, 1], "texture": "#0"},
				"west": {"uv": [11, 0, 12, 1], "texture": "#0"},
				"up": {"uv": [11, 0, 12, 1], "texture": "#0"},
				"down": {"uv": [11, 0, 12, 1], "texture": "#0"}
			}
		},
		{
			"name": "octagon",
			"from": [5.75, 6.25184, 5.375],
			"to": [7.25, 6.87316, 7.75],
			"rotation": {"angle": 0, "axis": "z", "origin": [6.5, 6.5625, 6.5]},
			"faces": {
				"north": {"uv": [11, 0, 12, 1], "texture": "#0"},
				"east": {"uv": [11, 0, 12, 1], "texture": "#0"},
				"south": {"uv": [11, 0, 12, 1], "texture": "#0"},
				"west": {"uv": [11, 0, 12, 1], "texture": "#0"},
				"up": {"uv": [11, 0, 12, 1], "texture": "#0"},
				"down": {"uv": [11, 0, 12, 1], "texture": "#0"}
			}
		},
		{
			"name": "octagon",
			"from": [6.08579, 5.5625, 5.5],
			"to": [6.91421, 7.5625, 7.5],
			"rotation": {"angle": 45, "axis": "z", "origin": [6.5, 6.5625, 6.5]},
			"faces": {
				"north": {"uv": [15, 0, 16, 1], "texture": "#0"},
				"east": {"uv": [12, 0, 15, 1], "texture": "#0"},
				"south": {"uv": [15, 0, 16, 1], "texture": "#0"},
				"west": {"uv": [12, 0, 15, 1], "texture": "#0"},
				"up": {"uv": [14, 0, 15, 3], "texture": "#0"},
				"down": {"uv": [14, 0, 15, 3], "texture": "#0"}
			}
		},
		{
			"name": "octagon",
			"from": [6.08579, 5.5625, 5.5],
			"to": [6.91421, 7.5625, 7.5],
			"rotation": {"angle": 0, "axis": "z", "origin": [6.5, 6.5625, 6.5]},
			"faces": {
				"north": {"uv": [15, 0, 16, 1], "texture": "#0"},
				"east": {"uv": [12, 0, 15, 1], "texture": "#0"},
				"south": {"uv": [15, 0, 16, 1], "texture": "#0"},
				"west": {"uv": [12, 0, 15, 1], "texture": "#0"},
				"up": {"uv": [14, 0, 15, 3], "texture": "#0"},
				"down": {"uv": [14, 0, 15, 3], "texture": "#0"}
			}
		},
		{
			"name": "octagon",
			"from": [5.5, 6.14829, 5.5],
			"to": [7.5, 6.97671, 7.5],
			"rotation": {"angle": 45, "axis": "z", "origin": [6.5, 6.5625, 6.5]},
			"faces": {
				"north": {"uv": [15, 0, 16, 1], "texture": "#0"},
				"east": {"uv": [12, 0, 15, 1], "texture": "#0"},
				"south": {"uv": [15, 0, 16, 1], "texture": "#0"},
				"west": {"uv": [12, 0, 15, 1], "texture": "#0"},
				"up": {"uv": [14, 0, 15, 3], "texture": "#0"},
				"down": {"uv": [14, 0, 15, 3], "texture": "#0"}
			}
		},
		{
			"name": "octagon",
			"from": [5.5, 6.14829, 5.5],
			"to": [7.5, 6.97671, 7.5],
			"rotation": {"angle": 0, "axis": "z", "origin": [6.5, 6.5625, 6.5]},
			"faces": {
				"north": {"uv": [15, 0, 16, 1], "texture": "#0"},
				"east": {"uv": [12, 0, 15, 1], "texture": "#0"},
				"south": {"uv": [15, 0, 16, 1], "texture": "#0"},
				"west": {"uv": [12, 0, 15, 1], "texture": "#0"},
				"up": {"uv": [14, 0, 15, 3], "texture": "#0"},
				"down": {"uv": [14, 0, 15, 3], "texture": "#0"}
			}
		},
		{
			"name": "octagon",
			"from": [6.29289, 8.0625, 5.5],
			"to": [6.70711, 9.0625, 7.875],
			"rotation": {"angle": 45, "axis": "z", "origin": [6.5, 8.5625, 6.5]},
			"faces": {
				"north": {"uv": [10, 0, 11, 1], "texture": "#0"},
				"east": {"uv": [10, 0, 11, 1], "texture": "#0"},
				"south": {"uv": [10, 0, 11, 1], "texture": "#0"},
				"west": {"uv": [10, 0, 11, 1], "texture": "#0"},
				"up": {"uv": [10, 0, 11, 1], "texture": "#0"},
				"down": {"uv": [10, 0, 11, 1], "texture": "#0"}
			}
		},
		{
			"name": "octagon",
			"from": [6.29289, 8.0625, 5.5],
			"to": [6.70711, 9.0625, 7.875],
			"rotation": {"angle": 0, "axis": "z", "origin": [6.5, 8.5625, 6.5]},
			"faces": {
				"north": {"uv": [10, 0, 11, 1], "texture": "#0"},
				"east": {"uv": [10, 0, 11, 1], "texture": "#0"},
				"south": {"uv": [10, 0, 11, 1], "texture": "#0"},
				"west": {"uv": [10, 0, 11, 1], "texture": "#0"},
				"up": {"uv": [10, 0, 11, 1], "texture": "#0"},
				"down": {"uv": [10, 0, 11, 1], "texture": "#0"}
			}
		},
		{
			"name": "octagon",
			"from": [6, 8.35539, 5.5],
			"to": [7, 8.76961, 7.875],
			"rotation": {"angle": 45, "axis": "z", "origin": [6.5, 8.5625, 6.5]},
			"faces": {
				"north": {"uv": [10, 0, 11, 1], "texture": "#0"},
				"east": {"uv": [10, 0, 11, 1], "texture": "#0"},
				"south": {"uv": [10, 0, 11, 1], "texture": "#0"},
				"west": {"uv": [10, 0, 11, 1], "texture": "#0"},
				"up": {"uv": [10, 0, 11, 1], "texture": "#0"},
				"down": {"uv": [10, 0, 11, 1], "texture": "#0"}
			}
		},
		{
			"name": "octagon",
			"from": [6, 8.35539, 5.5],
			"to": [7, 8.76961, 7.875],
			"rotation": {"angle": 0, "axis": "z", "origin": [6.5, 8.5625, 6.5]},
			"faces": {
				"north": {"uv": [10, 0, 11, 1], "texture": "#0"},
				"east": {"uv": [10, 0, 11, 1], "texture": "#0"},
				"south": {"uv": [10, 0, 11, 1], "texture": "#0"},
				"west": {"uv": [10, 0, 11, 1], "texture": "#0"},
				"up": {"uv": [10, 0, 11, 1], "texture": "#0"},
				"down": {"uv": [10, 0, 11, 1], "texture": "#0"}
			}
		},
		{
			"name": "octagon",
			"from": [6.18934, 7.8125, 5.375],
			"to": [6.81066, 9.3125, 7.75],
			"rotation": {"angle": 45, "axis": "z", "origin": [6.5, 8.5625, 6.5]},
			"faces": {
				"north": {"uv": [11, 0, 12, 1], "texture": "#0"},
				"east": {"uv": [11, 0, 12, 1], "texture": "#0"},
				"south": {"uv": [11, 0, 12, 1], "texture": "#0"},
				"west": {"uv": [11, 0, 12, 1], "texture": "#0"},
				"up": {"uv": [11, 0, 12, 1], "texture": "#0"},
				"down": {"uv": [11, 0, 12, 1], "texture": "#0"}
			}
		},
		{
			"name": "octagon",
			"from": [6.18934, 7.8125, 5.375],
			"to": [6.81066, 9.3125, 7.75],
			"rotation": {"angle": 0, "axis": "z", "origin": [6.5, 8.5625, 6.5]},
			"faces": {
				"north": {"uv": [11, 0, 12, 1], "texture": "#0"},
				"east": {"uv": [11, 0, 12, 1], "texture": "#0"},
				"south": {"uv": [11, 0, 12, 1], "texture": "#0"},
				"west": {"uv": [11, 0, 12, 1], "texture": "#0"},
				"up": {"uv": [11, 0, 12, 1], "texture": "#0"},
				"down": {"uv": [11, 0, 12, 1], "texture": "#0"}
			}
		},
		{
			"name": "octagon",
			"from": [5.75, 8.25184, 5.375],
			"to": [7.25, 8.87316, 7.75],
			"rotation": {"angle": 45, "axis": "z", "origin": [6.5, 8.5625, 6.5]},
			"faces": {
				"north": {"uv": [11, 0, 12, 1], "texture": "#0"},
				"east": {"uv": [11, 0, 12, 1], "texture": "#0"},
				"south": {"uv": [11, 0, 12, 1], "texture": "#0"},
				"west": {"uv": [11, 0, 12, 1], "texture": "#0"},
				"up": {"uv": [11, 0, 12, 1], "texture": "#0"},
				"down": {"uv": [11, 0, 12, 1], "texture": "#0"}
			}
		},
		{
			"name": "octagon",
			"from": [5.75, 8.25184, 5.375],
			"to": [7.25, 8.87316, 7.75],
			"rotation": {"angle": 0, "axis": "z", "origin": [6.5, 8.5625, 6.5]},
			"faces": {
				"north": {"uv": [11, 0, 12, 1], "texture": "#0"},
				"east": {"uv": [11, 0, 12, 1], "texture": "#0"},
				"south": {"uv": [11, 0, 12, 1], "texture": "#0"},
				"west": {"uv": [11, 0, 12, 1], "texture": "#0"},
				"up": {"uv": [11, 0, 12, 1], "texture": "#0"},
				"down": {"uv": [11, 0, 12, 1], "texture": "#0"}
			}
		},
		{
			"name": "octagon",
			"from": [6.08579, 7.5625, 5.5],
			"to": [6.91421, 9.5625, 7.5],
			"rotation": {"angle": 45, "axis": "z", "origin": [6.5, 8.5625, 6.5]},
			"faces": {
				"north": {"uv": [15, 0, 16, 1], "texture": "#0"},
				"east": {"uv": [12, 0, 15, 1], "texture": "#0"},
				"south": {"uv": [15, 0, 16, 1], "texture": "#0"},
				"west": {"uv": [12, 0, 15, 1], "texture": "#0"},
				"up": {"uv": [14, 0, 15, 3], "texture": "#0"},
				"down": {"uv": [14, 0, 15, 3], "texture": "#0"}
			}
		},
		{
			"name": "octagon",
			"from": [6.08579, 7.5625, 5.5],
			"to": [6.91421, 9.5625, 7.5],
			"rotation": {"angle": 0, "axis": "z", "origin": [6.5, 8.5625, 6.5]},
			"faces": {
				"north": {"uv": [15, 0, 16, 1], "texture": "#0"},
				"east": {"uv": [12, 0, 15, 1], "texture": "#0"},
				"south": {"uv": [15, 0, 16, 1], "texture": "#0"},
				"west": {"uv": [12, 0, 15, 1], "texture": "#0"},
				"up": {"uv": [14, 0, 15, 3], "texture": "#0"},
				"down": {"uv": [14, 0, 15, 3], "texture": "#0"}
			}
		},
		{
			"name": "octagon",
			"from": [5.5, 8.14829, 5.5],
			"to": [7.5, 8.97671, 7.5],
			"rotation": {"angle": 45, "axis": "z", "origin": [6.5, 8.5625, 6.5]},
			"faces": {
				"north": {"uv": [15, 0, 16, 1], "texture": "#0"},
				"east": {"uv": [12, 0, 15, 1], "texture": "#0"},
				"south": {"uv": [15, 0, 16, 1], "texture": "#0"},
				"west": {"uv": [12, 0, 15, 1], "texture": "#0"},
				"up": {"uv": [14, 0, 15, 3], "texture": "#0"},
				"down": {"uv": [14, 0, 15, 3], "texture": "#0"}
			}
		},
		{
			"name": "octagon",
			"from": [5.5, 8.14829, 5.5],
			"to": [7.5, 8.97671, 7.5],
			"rotation": {"angle": 0, "axis": "z", "origin": [6.5, 8.5625, 6.5]},
			"faces": {
				"north": {"uv": [15, 0, 16, 1], "texture": "#0"},
				"east": {"uv": [12, 0, 15, 1], "texture": "#0"},
				"south": {"uv": [15, 0, 16, 1], "texture": "#0"},
				"west": {"uv": [12, 0, 15, 1], "texture": "#0"},
				"up": {"uv": [14, 0, 15, 3], "texture": "#0"},
				"down": {"uv": [14, 0, 15, 3], "texture": "#0"}
			}
		},
		{
			"name": "octagon",
			"from": [4.29289, 8.0625, 5.5],
			"to": [4.70711, 9.0625, 7.875],
			"rotation": {"angle": 45, "axis": "z", "origin": [4.5, 8.5625, 6.5]},
			"faces": {
				"north": {"uv": [10, 0, 11, 1], "texture": "#0"},
				"east": {"uv": [10, 0, 11, 1], "texture": "#0"},
				"south": {"uv": [10, 0, 11, 1], "texture": "#0"},
				"west": {"uv": [10, 0, 11, 1], "texture": "#0"},
				"up": {"uv": [10, 0, 11, 1], "texture": "#0"},
				"down": {"uv": [10, 0, 11, 1], "texture": "#0"}
			}
		},
		{
			"name": "octagon",
			"from": [4.29289, 8.0625, 5.5],
			"to": [4.70711, 9.0625, 7.875],
			"rotation": {"angle": 0, "axis": "z", "origin": [4.5, 8.5625, 6.5]},
			"faces": {
				"north": {"uv": [10, 0, 11, 1], "texture": "#0"},
				"east": {"uv": [10, 0, 11, 1], "texture": "#0"},
				"south": {"uv": [10, 0, 11, 1], "texture": "#0"},
				"west": {"uv": [10, 0, 11, 1], "texture": "#0"},
				"up": {"uv": [10, 0, 11, 1], "texture": "#0"},
				"down": {"uv": [10, 0, 11, 1], "texture": "#0"}
			}
		},
		{
			"name": "octagon",
			"from": [4, 8.35539, 5.5],
			"to": [5, 8.76961, 7.875],
			"rotation": {"angle": 45, "axis": "z", "origin": [4.5, 8.5625, 6.5]},
			"faces": {
				"north": {"uv": [10, 0, 11, 1], "texture": "#0"},
				"east": {"uv": [10, 0, 11, 1], "texture": "#0"},
				"south": {"uv": [10, 0, 11, 1], "texture": "#0"},
				"west": {"uv": [10, 0, 11, 1], "texture": "#0"},
				"up": {"uv": [10, 0, 11, 1], "texture": "#0"},
				"down": {"uv": [10, 0, 11, 1], "texture": "#0"}
			}
		},
		{
			"name": "octagon",
			"from": [4, 8.35539, 5.5],
			"to": [5, 8.76961, 7.875],
			"rotation": {"angle": 0, "axis": "z", "origin": [4.5, 8.5625, 6.5]},
			"faces": {
				"north": {"uv": [10, 0, 11, 1], "texture": "#0"},
				"east": {"uv": [10, 0, 11, 1], "texture": "#0"},
				"south": {"uv": [10, 0, 11, 1], "texture": "#0"},
				"west": {"uv": [10, 0, 11, 1], "texture": "#0"},
				"up": {"uv": [10, 0, 11, 1], "texture": "#0"},
				"down": {"uv": [10, 0, 11, 1], "texture": "#0"}
			}
		},
		{
			"name": "octagon",
			"from": [4.18934, 7.8125, 5.375],
			"to": [4.81066, 9.3125, 7.75],
			"rotation": {"angle": 45, "axis": "z", "origin": [4.5, 8.5625, 6.5]},
			"faces": {
				"north": {"uv": [11, 0, 12, 1], "texture": "#0"},
				"east": {"uv": [11, 0, 12, 1], "texture": "#0"},
				"south": {"uv": [11, 0, 12, 1], "texture": "#0"},
				"west": {"uv": [11, 0, 12, 1], "texture": "#0"},
				"up": {"uv": [11, 0, 12, 1], "texture": "#0"},
				"down": {"uv": [11, 0, 12, 1], "texture": "#0"}
			}
		},
		{
			"name": "octagon",
			"from": [4.18934, 7.8125, 5.375],
			"to": [4.81066, 9.3125, 7.75],
			"rotation": {"angle": 0, "axis": "z", "origin": [4.5, 8.5625, 6.5]},
			"faces": {
				"north": {"uv": [11, 0, 12, 1], "texture": "#0"},
				"east": {"uv": [11, 0, 12, 1], "texture": "#0"},
				"south": {"uv": [11, 0, 12, 1], "texture": "#0"},
				"west": {"uv": [11, 0, 12, 1], "texture": "#0"},
				"up": {"uv": [11, 0, 12, 1], "texture": "#0"},
				"down": {"uv": [11, 0, 12, 1], "texture": "#0"}
			}
		},
		{
			"name": "octagon",
			"from": [3.75, 8.25184, 5.375],
			"to": [5.25, 8.87316, 7.75],
			"rotation": {"angle": 45, "axis": "z", "origin": [4.5, 8.5625, 6.5]},
			"faces": {
				"north": {"uv": [11, 0, 12, 1], "texture": "#0"},
				"east": {"uv": [11, 0, 12, 1], "texture": "#0"},
				"south": {"uv": [11, 0, 12, 1], "texture": "#0"},
				"west": {"uv": [11, 0, 12, 1], "texture": "#0"},
				"up": {"uv": [11, 0, 12, 1], "texture": "#0"},
				"down": {"uv": [11, 0, 12, 1], "texture": "#0"}
			}
		},
		{
			"name": "octagon",
			"from": [3.75, 8.25184, 5.375],
			"to": [5.25, 8.87316, 7.75],
			"rotation": {"angle": 0, "axis": "z", "origin": [4.5, 8.5625, 6.5]},
			"faces": {
				"north": {"uv": [11, 0, 12, 1], "texture": "#0"},
				"east": {"uv": [11, 0, 12, 1], "texture": "#0"},
				"south": {"uv": [11, 0, 12, 1], "texture": "#0"},
				"west": {"uv": [11, 0, 12, 1], "texture": "#0"},
				"up": {"uv": [11, 0, 12, 1], "texture": "#0"},
				"down": {"uv": [11, 0, 12, 1], "texture": "#0"}
			}
		},
		{
			"name": "octagon",
			"from": [4.08579, 7.5625, 5.5],
			"to": [4.91421, 9.5625, 7.5],
			"rotation": {"angle": 45, "axis": "z", "origin": [4.5, 8.5625, 6.5]},
			"faces": {
				"north": {"uv": [15, 0, 16, 1], "texture": "#0"},
				"east": {"uv": [12, 0, 15, 1], "texture": "#0"},
				"south": {"uv": [15, 0, 16, 1], "texture": "#0"},
				"west": {"uv": [12, 0, 15, 1], "texture": "#0"},
				"up": {"uv": [14, 0, 15, 3], "texture": "#0"},
				"down": {"uv": [14, 0, 15, 3], "texture": "#0"}
			}
		},
		{
			"name": "octagon",
			"from": [4.08579, 7.5625, 5.5],
			"to": [4.91421, 9.5625, 7.5],
			"rotation": {"angle": 0, "axis": "z", "origin": [4.5, 8.5625, 6.5]},
			"faces": {
				"north": {"uv": [15, 0, 16, 1], "texture": "#0"},
				"east": {"uv": [12, 0, 15, 1], "texture": "#0"},
				"south": {"uv": [15, 0, 16, 1], "texture": "#0"},
				"west": {"uv": [12, 0, 15, 1], "texture": "#0"},
				"up": {"uv": [14, 0, 15, 3], "texture": "#0"},
				"down": {"uv": [14, 0, 15, 3], "texture": "#0"}
			}
		},
		{
			"name": "octagon",
			"from": [3.5, 8.14829, 5.5],
			"to": [5.5, 8.97671, 7.5],
			"rotation": {"angle": 45, "axis": "z", "origin": [4.5, 8.5625, 6.5]},
			"faces": {
				"north": {"uv": [15, 0, 16, 1], "texture": "#0"},
				"east": {"uv": [12, 0, 15, 1], "texture": "#0"},
				"south": {"uv": [15, 0, 16, 1], "texture": "#0"},
				"west": {"uv": [12, 0, 15, 1], "texture": "#0"},
				"up": {"uv": [14, 0, 15, 3], "texture": "#0"},
				"down": {"uv": [14, 0, 15, 3], "texture": "#0"}
			}
		},
		{
			"name": "octagon",
			"from": [3.5, 8.14829, 5.5],
			"to": [5.5, 8.97671, 7.5],
			"rotation": {"angle": 0, "axis": "z", "origin": [4.5, 8.5625, 6.5]},
			"faces": {
				"north": {"uv": [15, 0, 16, 1], "texture": "#0"},
				"east": {"uv": [12, 0, 15, 1], "texture": "#0"},
				"south": {"uv": [15, 0, 16, 1], "texture": "#0"},
				"west": {"uv": [12, 0, 15, 1], "texture": "#0"},
				"up": {"uv": [14, 0, 15, 3], "texture": "#0"},
				"down": {"uv": [14, 0, 15, 3], "texture": "#0"}
			}
		},
		{
			"from": [3.25, 9.5, 3],
			"to": [7.75, 9.75, 4],
			"rotation": {"angle": 0, "axis": "y", "origin": [16, 11.5, 9]},
			"faces": {
				"north": {"uv": [15, 15, 16, 16], "texture": "#1"},
				"east": {"uv": [15, 15, 16, 16], "texture": "#1"},
				"south": {"uv": [15, 15, 16, 16], "texture": "#1"},
				"west": {"uv": [15, 15, 16, 16], "texture": "#1"},
				"up": {"uv": [15, 15, 16, 16], "texture": "#1"},
				"down": {"uv": [15, 15, 16, 16], "texture": "#1"}
			}
		},
		{
			"from": [7.5, 5.5, 3],
			"to": [7.75, 9.5, 4],
			"rotation": {"angle": 0, "axis": "y", "origin": [15.75, 7.25, 9]},
			"faces": {
				"north": {"uv": [15, 15, 16, 16], "texture": "#1"},
				"east": {"uv": [15, 15, 16, 16], "texture": "#1"},
				"south": {"uv": [15, 15, 16, 16], "texture": "#1"},
				"west": {"uv": [15, 15, 16, 16], "texture": "#1"},
				"up": {"uv": [15, 15, 16, 16], "texture": "#1"},
				"down": {"uv": [15, 15, 16, 16], "texture": "#1"}
			}
		},
		{
			"from": [3.25, 5.5, 3],
			"to": [3.5, 9.5, 4],
			"rotation": {"angle": 0, "axis": "y", "origin": [11.5, 7.25, 9]},
			"faces": {
				"north": {"uv": [15, 15, 16, 16], "texture": "#1"},
				"east": {"uv": [15, 15, 16, 16], "texture": "#1"},
				"south": {"uv": [15, 15, 16, 16], "texture": "#1"},
				"west": {"uv": [15, 15, 16, 16], "texture": "#1"},
				"up": {"uv": [15, 15, 16, 16], "texture": "#1"},
				"down": {"uv": [15, 15, 16, 16], "texture": "#1"}
			}
		},
		{
			"from": [3.25, 5.25, 3],
			"to": [7.75, 5.5, 4],
			"rotation": {"angle": 0, "axis": "y", "origin": [16, 7.25, 9]},
			"faces": {
				"north": {"uv": [15, 15, 16, 16], "texture": "#1"},
				"east": {"uv": [15, 15, 16, 16], "texture": "#1"},
				"south": {"uv": [15, 15, 16, 16], "texture": "#1"},
				"west": {"uv": [15, 15, 16, 16], "texture": "#1"},
				"up": {"uv": [15, 15, 16, 16], "texture": "#1"},
				"down": {"uv": [15, 15, 16, 16], "texture": "#1"}
			}
		},
		{
			"name": "octagon",
			"from": [4.29289, 6.0625, 2.5],
			"to": [4.70711, 7.0625, 4.875],
			"rotation": {"angle": 45, "axis": "z", "origin": [4.5, 6.5625, 3.5]},
			"faces": {
				"north": {"uv": [10, 0, 11, 1], "texture": "#0"},
				"east": {"uv": [10, 0, 11, 1], "texture": "#0"},
				"south": {"uv": [10, 0, 11, 1], "texture": "#0"},
				"west": {"uv": [10, 0, 11, 1], "texture": "#0"},
				"up": {"uv": [10, 0, 11, 1], "texture": "#0"},
				"down": {"uv": [10, 0, 11, 1], "texture": "#0"}
			}
		},
		{
			"name": "octagon",
			"from": [4.29289, 6.0625, 2.5],
			"to": [4.70711, 7.0625, 4.875],
			"rotation": {"angle": 0, "axis": "z", "origin": [4.5, 6.5625, 3.5]},
			"faces": {
				"north": {"uv": [10, 0, 11, 1], "texture": "#0"},
				"east": {"uv": [10, 0, 11, 1], "texture": "#0"},
				"south": {"uv": [10, 0, 11, 1], "texture": "#0"},
				"west": {"uv": [10, 0, 11, 1], "texture": "#0"},
				"up": {"uv": [10, 0, 11, 1], "texture": "#0"},
				"down": {"uv": [10, 0, 11, 1], "texture": "#0"}
			}
		},
		{
			"name": "octagon",
			"from": [4, 6.35539, 2.5],
			"to": [5, 6.76961, 4.875],
			"rotation": {"angle": 45, "axis": "z", "origin": [4.5, 6.5625, 3.5]},
			"faces": {
				"north": {"uv": [10, 0, 11, 1], "texture": "#0"},
				"east": {"uv": [10, 0, 11, 1], "texture": "#0"},
				"south": {"uv": [10, 0, 11, 1], "texture": "#0"},
				"west": {"uv": [10, 0, 11, 1], "texture": "#0"},
				"up": {"uv": [10, 0, 11, 1], "texture": "#0"},
				"down": {"uv": [10, 0, 11, 1], "texture": "#0"}
			}
		},
		{
			"name": "octagon",
			"from": [4, 6.35539, 2.5],
			"to": [5, 6.76961, 4.875],
			"rotation": {"angle": 0, "axis": "z", "origin": [4.5, 6.5625, 3.5]},
			"faces": {
				"north": {"uv": [10, 0, 11, 1], "texture": "#0"},
				"east": {"uv": [10, 0, 11, 1], "texture": "#0"},
				"south": {"uv": [10, 0, 11, 1], "texture": "#0"},
				"west": {"uv": [10, 0, 11, 1], "texture": "#0"},
				"up": {"uv": [10, 0, 11, 1], "texture": "#0"},
				"down": {"uv": [10, 0, 11, 1], "texture": "#0"}
			}
		},
		{
			"name": "octagon",
			"from": [4.18934, 5.8125, 2.375],
			"to": [4.81066, 7.3125, 4.75],
			"rotation": {"angle": 45, "axis": "z", "origin": [4.5, 6.5625, 3.5]},
			"faces": {
				"north": {"uv": [11, 0, 12, 1], "texture": "#0"},
				"east": {"uv": [11, 0, 12, 1], "texture": "#0"},
				"south": {"uv": [11, 0, 12, 1], "texture": "#0"},
				"west": {"uv": [11, 0, 12, 1], "texture": "#0"},
				"up": {"uv": [11, 0, 12, 1], "texture": "#0"},
				"down": {"uv": [11, 0, 12, 1], "texture": "#0"}
			}
		},
		{
			"name": "octagon",
			"from": [4.18934, 5.8125, 2.375],
			"to": [4.81066, 7.3125, 4.75],
			"rotation": {"angle": 0, "axis": "z", "origin": [4.5, 6.5625, 3.5]},
			"faces": {
				"north": {"uv": [11, 0, 12, 1], "texture": "#0"},
				"east": {"uv": [11, 0, 12, 1], "texture": "#0"},
				"south": {"uv": [11, 0, 12, 1], "texture": "#0"},
				"west": {"uv": [11, 0, 12, 1], "texture": "#0"},
				"up": {"uv": [11, 0, 12, 1], "texture": "#0"},
				"down": {"uv": [11, 0, 12, 1], "texture": "#0"}
			}
		},
		{
			"name": "octagon",
			"from": [3.75, 6.25184, 2.375],
			"to": [5.25, 6.87316, 4.75],
			"rotation": {"angle": 45, "axis": "z", "origin": [4.5, 6.5625, 3.5]},
			"faces": {
				"north": {"uv": [11, 0, 12, 1], "texture": "#0"},
				"east": {"uv": [11, 0, 12, 1], "texture": "#0"},
				"south": {"uv": [11, 0, 12, 1], "texture": "#0"},
				"west": {"uv": [11, 0, 12, 1], "texture": "#0"},
				"up": {"uv": [11, 0, 12, 1], "texture": "#0"},
				"down": {"uv": [11, 0, 12, 1], "texture": "#0"}
			}
		},
		{
			"name": "octagon",
			"from": [3.75, 6.25184, 2.375],
			"to": [5.25, 6.87316, 4.75],
			"rotation": {"angle": 0, "axis": "z", "origin": [4.5, 6.5625, 3.5]},
			"faces": {
				"north": {"uv": [11, 0, 12, 1], "texture": "#0"},
				"east": {"uv": [11, 0, 12, 1], "texture": "#0"},
				"south": {"uv": [11, 0, 12, 1], "texture": "#0"},
				"west": {"uv": [11, 0, 12, 1], "texture": "#0"},
				"up": {"uv": [11, 0, 12, 1], "texture": "#0"},
				"down": {"uv": [11, 0, 12, 1], "texture": "#0"}
			}
		},
		{
			"name": "octagon",
			"from": [4.08579, 5.5625, 2.5],
			"to": [4.91421, 7.5625, 4.5],
			"rotation": {"angle": 45, "axis": "z", "origin": [4.5, 6.5625, 3.5]},
			"faces": {
				"north": {"uv": [15, 0, 16, 1], "texture": "#0"},
				"east": {"uv": [12, 0, 15, 1], "texture": "#0"},
				"south": {"uv": [15, 0, 16, 1], "texture": "#0"},
				"west": {"uv": [12, 0, 15, 1], "texture": "#0"},
				"up": {"uv": [14, 0, 15, 3], "texture": "#0"},
				"down": {"uv": [14, 0, 15, 3], "texture": "#0"}
			}
		},
		{
			"name": "octagon",
			"from": [4.08579, 5.5625, 2.5],
			"to": [4.91421, 7.5625, 4.5],
			"rotation": {"angle": 0, "axis": "z", "origin": [4.5, 6.5625, 3.5]},
			"faces": {
				"north": {"uv": [15, 0, 16, 1], "texture": "#0"},
				"east": {"uv": [12, 0, 15, 1], "texture": "#0"},
				"south": {"uv": [15, 0, 16, 1], "texture": "#0"},
				"west": {"uv": [12, 0, 15, 1], "texture": "#0"},
				"up": {"uv": [14, 0, 15, 3], "texture": "#0"},
				"down": {"uv": [14, 0, 15, 3], "texture": "#0"}
			}
		},
		{
			"name": "octagon",
			"from": [3.5, 6.14829, 2.5],
			"to": [5.5, 6.97671, 4.5],
			"rotation": {"angle": 45, "axis": "z", "origin": [4.5, 6.5625, 3.5]},
			"faces": {
				"north": {"uv": [15, 0, 16, 1], "texture": "#0"},
				"east": {"uv": [12, 0, 15, 1], "texture": "#0"},
				"south": {"uv": [15, 0, 16, 1], "texture": "#0"},
				"west": {"uv": [12, 0, 15, 1], "texture": "#0"},
				"up": {"uv": [14, 0, 15, 3], "texture": "#0"},
				"down": {"uv": [14, 0, 15, 3], "texture": "#0"}
			}
		},
		{
			"name": "octagon",
			"from": [3.5, 6.14829, 2.5],
			"to": [5.5, 6.97671, 4.5],
			"rotation": {"angle": 0, "axis": "z", "origin": [4.5, 6.5625, 3.5]},
			"faces": {
				"north": {"uv": [15, 0, 16, 1], "texture": "#0"},
				"east": {"uv": [12, 0, 15, 1], "texture": "#0"},
				"south": {"uv": [15, 0, 16, 1], "texture": "#0"},
				"west": {"uv": [12, 0, 15, 1], "texture": "#0"},
				"up": {"uv": [14, 0, 15, 3], "texture": "#0"},
				"down": {"uv": [14, 0, 15, 3], "texture": "#0"}
			}
		},
		{
			"name": "octagon",
			"from": [6.29289, 6.0625, 2.5],
			"to": [6.70711, 7.0625, 4.875],
			"rotation": {"angle": 45, "axis": "z", "origin": [6.5, 6.5625, 3.5]},
			"faces": {
				"north": {"uv": [10, 0, 11, 1], "texture": "#0"},
				"east": {"uv": [10, 0, 11, 1], "texture": "#0"},
				"south": {"uv": [10, 0, 11, 1], "texture": "#0"},
				"west": {"uv": [10, 0, 11, 1], "texture": "#0"},
				"up": {"uv": [10, 0, 11, 1], "texture": "#0"},
				"down": {"uv": [10, 0, 11, 1], "texture": "#0"}
			}
		},
		{
			"name": "octagon",
			"from": [6.29289, 6.0625, 2.5],
			"to": [6.70711, 7.0625, 4.875],
			"rotation": {"angle": 0, "axis": "z", "origin": [6.5, 6.5625, 3.5]},
			"faces": {
				"north": {"uv": [10, 0, 11, 1], "texture": "#0"},
				"east": {"uv": [10, 0, 11, 1], "texture": "#0"},
				"south": {"uv": [10, 0, 11, 1], "texture": "#0"},
				"west": {"uv": [10, 0, 11, 1], "texture": "#0"},
				"up": {"uv": [10, 0, 11, 1], "texture": "#0"},
				"down": {"uv": [10, 0, 11, 1], "texture": "#0"}
			}
		},
		{
			"name": "octagon",
			"from": [6, 6.35539, 2.5],
			"to": [7, 6.76961, 4.875],
			"rotation": {"angle": 45, "axis": "z", "origin": [6.5, 6.5625, 3.5]},
			"faces": {
				"north": {"uv": [10, 0, 11, 1], "texture": "#0"},
				"east": {"uv": [10, 0, 11, 1], "texture": "#0"},
				"south": {"uv": [10, 0, 11, 1], "texture": "#0"},
				"west": {"uv": [10, 0, 11, 1], "texture": "#0"},
				"up": {"uv": [10, 0, 11, 1], "texture": "#0"},
				"down": {"uv": [10, 0, 11, 1], "texture": "#0"}
			}
		},
		{
			"name": "octagon",
			"from": [6, 6.35539, 2.5],
			"to": [7, 6.76961, 4.875],
			"rotation": {"angle": 0, "axis": "z", "origin": [6.5, 6.5625, 3.5]},
			"faces": {
				"north": {"uv": [10, 0, 11, 1], "texture": "#0"},
				"east": {"uv": [10, 0, 11, 1], "texture": "#0"},
				"south": {"uv": [10, 0, 11, 1], "texture": "#0"},
				"west": {"uv": [10, 0, 11, 1], "texture": "#0"},
				"up": {"uv": [10, 0, 11, 1], "texture": "#0"},
				"down": {"uv": [10, 0, 11, 1], "texture": "#0"}
			}
		},
		{
			"name": "octagon",
			"from": [6.18934, 5.8125, 2.375],
			"to": [6.81066, 7.3125, 4.75],
			"rotation": {"angle": 45, "axis": "z", "origin": [6.5, 6.5625, 3.5]},
			"faces": {
				"north": {"uv": [11, 0, 12, 1], "texture": "#0"},
				"east": {"uv": [11, 0, 12, 1], "texture": "#0"},
				"south": {"uv": [11, 0, 12, 1], "texture": "#0"},
				"west": {"uv": [11, 0, 12, 1], "texture": "#0"},
				"up": {"uv": [11, 0, 12, 1], "texture": "#0"},
				"down": {"uv": [11, 0, 12, 1], "texture": "#0"}
			}
		},
		{
			"name": "octagon",
			"from": [6.18934, 5.8125, 2.375],
			"to": [6.81066, 7.3125, 4.75],
			"rotation": {"angle": 0, "axis": "z", "origin": [6.5, 6.5625, 3.5]},
			"faces": {
				"north": {"uv": [11, 0, 12, 1], "texture": "#0"},
				"east": {"uv": [11, 0, 12, 1], "texture": "#0"},
				"south": {"uv": [11, 0, 12, 1], "texture": "#0"},
				"west": {"uv": [11, 0, 12, 1], "texture": "#0"},
				"up": {"uv": [11, 0, 12, 1], "texture": "#0"},
				"down": {"uv": [11, 0, 12, 1], "texture": "#0"}
			}
		},
		{
			"name": "octagon",
			"from": [5.75, 6.25184, 2.375],
			"to": [7.25, 6.87316, 4.75],
			"rotation": {"angle": 45, "axis": "z", "origin": [6.5, 6.5625, 3.5]},
			"faces": {
				"north": {"uv": [11, 0, 12, 1], "texture": "#0"},
				"east": {"uv": [11, 0, 12, 1], "texture": "#0"},
				"south": {"uv": [11, 0, 12, 1], "texture": "#0"},
				"west": {"uv": [11, 0, 12, 1], "texture": "#0"},
				"up": {"uv": [11, 0, 12, 1], "texture": "#0"},
				"down": {"uv": [11, 0, 12, 1], "texture": "#0"}
			}
		},
		{
			"name": "octagon",
			"from": [5.75, 6.25184, 2.375],
			"to": [7.25, 6.87316, 4.75],
			"rotation": {"angle": 0, "axis": "z", "origin": [6.5, 6.5625, 3.5]},
			"faces": {
				"north": {"uv": [11, 0, 12, 1], "texture": "#0"},
				"east": {"uv": [11, 0, 12, 1], "texture": "#0"},
				"south": {"uv": [11, 0, 12, 1], "texture": "#0"},
				"west": {"uv": [11, 0, 12, 1], "texture": "#0"},
				"up": {"uv": [11, 0, 12, 1], "texture": "#0"},
				"down": {"uv": [11, 0, 12, 1], "texture": "#0"}
			}
		},
		{
			"name": "octagon",
			"from": [6.08579, 5.5625, 2.5],
			"to": [6.91421, 7.5625, 4.5],
			"rotation": {"angle": 45, "axis": "z", "origin": [6.5, 6.5625, 3.5]},
			"faces": {
				"north": {"uv": [15, 0, 16, 1], "texture": "#0"},
				"east": {"uv": [12, 0, 15, 1], "texture": "#0"},
				"south": {"uv": [15, 0, 16, 1], "texture": "#0"},
				"west": {"uv": [12, 0, 15, 1], "texture": "#0"},
				"up": {"uv": [14, 0, 15, 3], "texture": "#0"},
				"down": {"uv": [14, 0, 15, 3], "texture": "#0"}
			}
		},
		{
			"name": "octagon",
			"from": [6.08579, 5.5625, 2.5],
			"to": [6.91421, 7.5625, 4.5],
			"rotation": {"angle": 0, "axis": "z", "origin": [6.5, 6.5625, 3.5]},
			"faces": {
				"north": {"uv": [15, 0, 16, 1], "texture": "#0"},
				"east": {"uv": [12, 0, 15, 1], "texture": "#0"},
				"south": {"uv": [15, 0, 16, 1], "texture": "#0"},
				"west": {"uv": [12, 0, 15, 1], "texture": "#0"},
				"up": {"uv": [14, 0, 15, 3], "texture": "#0"},
				"down": {"uv": [14, 0, 15, 3], "texture": "#0"}
			}
		},
		{
			"name": "octagon",
			"from": [5.5, 6.14829, 2.5],
			"to": [7.5, 6.97671, 4.5],
			"rotation": {"angle": 45, "axis": "z", "origin": [6.5, 6.5625, 3.5]},
			"faces": {
				"north": {"uv": [15, 0, 16, 1], "texture": "#0"},
				"east": {"uv": [12, 0, 15, 1], "texture": "#0"},
				"south": {"uv": [15, 0, 16, 1], "texture": "#0"},
				"west": {"uv": [12, 0, 15, 1], "texture": "#0"},
				"up": {"uv": [14, 0, 15, 3], "texture": "#0"},
				"down": {"uv": [14, 0, 15, 3], "texture": "#0"}
			}
		},
		{
			"name": "octagon",
			"from": [5.5, 6.14829, 2.5],
			"to": [7.5, 6.97671, 4.5],
			"rotation": {"angle": 0, "axis": "z", "origin": [6.5, 6.5625, 3.5]},
			"faces": {
				"north": {"uv": [15, 0, 16, 1], "texture": "#0"},
				"east": {"uv": [12, 0, 15, 1], "texture": "#0"},
				"south": {"uv": [15, 0, 16, 1], "texture": "#0"},
				"west": {"uv": [12, 0, 15, 1], "texture": "#0"},
				"up": {"uv": [14, 0, 15, 3], "texture": "#0"},
				"down": {"uv": [14, 0, 15, 3], "texture": "#0"}
			}
		},
		{
			"name": "octagon",
			"from": [6.29289, 8.0625, 2.5],
			"to": [6.70711, 9.0625, 4.875],
			"rotation": {"angle": 45, "axis": "z", "origin": [6.5, 8.5625, 3.5]},
			"faces": {
				"north": {"uv": [10, 0, 11, 1], "texture": "#0"},
				"east": {"uv": [10, 0, 11, 1], "texture": "#0"},
				"south": {"uv": [10, 0, 11, 1], "texture": "#0"},
				"west": {"uv": [10, 0, 11, 1], "texture": "#0"},
				"up": {"uv": [10, 0, 11, 1], "texture": "#0"},
				"down": {"uv": [10, 0, 11, 1], "texture": "#0"}
			}
		},
		{
			"name": "octagon",
			"from": [6.29289, 8.0625, 2.5],
			"to": [6.70711, 9.0625, 4.875],
			"rotation": {"angle": 0, "axis": "z", "origin": [6.5, 8.5625, 3.5]},
			"faces": {
				"north": {"uv": [10, 0, 11, 1], "texture": "#0"},
				"east": {"uv": [10, 0, 11, 1], "texture": "#0"},
				"south": {"uv": [10, 0, 11, 1], "texture": "#0"},
				"west": {"uv": [10, 0, 11, 1], "texture": "#0"},
				"up": {"uv": [10, 0, 11, 1], "texture": "#0"},
				"down": {"uv": [10, 0, 11, 1], "texture": "#0"}
			}
		},
		{
			"name": "octagon",
			"from": [6, 8.35539, 2.5],
			"to": [7, 8.76961, 4.875],
			"rotation": {"angle": 45, "axis": "z", "origin": [6.5, 8.5625, 3.5]},
			"faces": {
				"north": {"uv": [10, 0, 11, 1], "texture": "#0"},
				"east": {"uv": [10, 0, 11, 1], "texture": "#0"},
				"south": {"uv": [10, 0, 11, 1], "texture": "#0"},
				"west": {"uv": [10, 0, 11, 1], "texture": "#0"},
				"up": {"uv": [10, 0, 11, 1], "texture": "#0"},
				"down": {"uv": [10, 0, 11, 1], "texture": "#0"}
			}
		},
		{
			"name": "octagon",
			"from": [6, 8.35539, 2.5],
			"to": [7, 8.76961, 4.875],
			"rotation": {"angle": 0, "axis": "z", "origin": [6.5, 8.5625, 3.5]},
			"faces": {
				"north": {"uv": [10, 0, 11, 1], "texture": "#0"},
				"east": {"uv": [10, 0, 11, 1], "texture": "#0"},
				"south": {"uv": [10, 0, 11, 1], "texture": "#0"},
				"west": {"uv": [10, 0, 11, 1], "texture": "#0"},
				"up": {"uv": [10, 0, 11, 1], "texture": "#0"},
				"down": {"uv": [10, 0, 11, 1], "texture": "#0"}
			}
		},
		{
			"name": "octagon",
			"from": [6.18934, 7.8125, 2.375],
			"to": [6.81066, 9.3125, 4.75],
			"rotation": {"angle": 45, "axis": "z", "origin": [6.5, 8.5625, 3.5]},
			"faces": {
				"north": {"uv": [11, 0, 12, 1], "texture": "#0"},
				"east": {"uv": [11, 0, 12, 1], "texture": "#0"},
				"south": {"uv": [11, 0, 12, 1], "texture": "#0"},
				"west": {"uv": [11, 0, 12, 1], "texture": "#0"},
				"up": {"uv": [11, 0, 12, 1], "texture": "#0"},
				"down": {"uv": [11, 0, 12, 1], "texture": "#0"}
			}
		},
		{
			"name": "octagon",
			"from": [6.18934, 7.8125, 2.375],
			"to": [6.81066, 9.3125, 4.75],
			"rotation": {"angle": 0, "axis": "z", "origin": [6.5, 8.5625, 3.5]},
			"faces": {
				"north": {"uv": [11, 0, 12, 1], "texture": "#0"},
				"east": {"uv": [11, 0, 12, 1], "texture": "#0"},
				"south": {"uv": [11, 0, 12, 1], "texture": "#0"},
				"west": {"uv": [11, 0, 12, 1], "texture": "#0"},
				"up": {"uv": [11, 0, 12, 1], "texture": "#0"},
				"down": {"uv": [11, 0, 12, 1], "texture": "#0"}
			}
		},
		{
			"name": "octagon",
			"from": [5.75, 8.25184, 2.375],
			"to": [7.25, 8.87316, 4.75],
			"rotation": {"angle": 45, "axis": "z", "origin": [6.5, 8.5625, 3.5]},
			"faces": {
				"north": {"uv": [11, 0, 12, 1], "texture": "#0"},
				"east": {"uv": [11, 0, 12, 1], "texture": "#0"},
				"south": {"uv": [11, 0, 12, 1], "texture": "#0"},
				"west": {"uv": [11, 0, 12, 1], "texture": "#0"},
				"up": {"uv": [11, 0, 12, 1], "texture": "#0"},
				"down": {"uv": [11, 0, 12, 1], "texture": "#0"}
			}
		},
		{
			"name": "octagon",
			"from": [5.75, 8.25184, 2.375],
			"to": [7.25, 8.87316, 4.75],
			"rotation": {"angle": 0, "axis": "z", "origin": [6.5, 8.5625, 3.5]},
			"faces": {
				"north": {"uv": [11, 0, 12, 1], "texture": "#0"},
				"east": {"uv": [11, 0, 12, 1], "texture": "#0"},
				"south": {"uv": [11, 0, 12, 1], "texture": "#0"},
				"west": {"uv": [11, 0, 12, 1], "texture": "#0"},
				"up": {"uv": [11, 0, 12, 1], "texture": "#0"},
				"down": {"uv": [11, 0, 12, 1], "texture": "#0"}
			}
		},
		{
			"name": "octagon",
			"from": [6.08579, 7.5625, 2.5],
			"to": [6.91421, 9.5625, 4.5],
			"rotation": {"angle": 45, "axis": "z", "origin": [6.5, 8.5625, 3.5]},
			"faces": {
				"north": {"uv": [15, 0, 16, 1], "texture": "#0"},
				"east": {"uv": [12, 0, 15, 1], "texture": "#0"},
				"south": {"uv": [15, 0, 16, 1], "texture": "#0"},
				"west": {"uv": [12, 0, 15, 1], "texture": "#0"},
				"up": {"uv": [14, 0, 15, 3], "texture": "#0"},
				"down": {"uv": [14, 0, 15, 3], "texture": "#0"}
			}
		},
		{
			"name": "octagon",
			"from": [6.08579, 7.5625, 2.5],
			"to": [6.91421, 9.5625, 4.5],
			"rotation": {"angle": 0, "axis": "z", "origin": [6.5, 8.5625, 3.5]},
			"faces": {
				"north": {"uv": [15, 0, 16, 1], "texture": "#0"},
				"east": {"uv": [12, 0, 15, 1], "texture": "#0"},
				"south": {"uv": [15, 0, 16, 1], "texture": "#0"},
				"west": {"uv": [12, 0, 15, 1], "texture": "#0"},
				"up": {"uv": [14, 0, 15, 3], "texture": "#0"},
				"down": {"uv": [14, 0, 15, 3], "texture": "#0"}
			}
		},
		{
			"name": "octagon",
			"from": [5.5, 8.14829, 2.5],
			"to": [7.5, 8.97671, 4.5],
			"rotation": {"angle": 45, "axis": "z", "origin": [6.5, 8.5625, 3.5]},
			"faces": {
				"north": {"uv": [15, 0, 16, 1], "texture": "#0"},
				"east": {"uv": [12, 0, 15, 1], "texture": "#0"},
				"south": {"uv": [15, 0, 16, 1], "texture": "#0"},
				"west": {"uv": [12, 0, 15, 1], "texture": "#0"},
				"up": {"uv": [14, 0, 15, 3], "texture": "#0"},
				"down": {"uv": [14, 0, 15, 3], "texture": "#0"}
			}
		},
		{
			"name": "octagon",
			"from": [5.5, 8.14829, 2.5],
			"to": [7.5, 8.97671, 4.5],
			"rotation": {"angle": 0, "axis": "z", "origin": [6.5, 8.5625, 3.5]},
			"faces": {
				"north": {"uv": [15, 0, 16, 1], "texture": "#0"},
				"east": {"uv": [12, 0, 15, 1], "texture": "#0"},
				"south": {"uv": [15, 0, 16, 1], "texture": "#0"},
				"west": {"uv": [12, 0, 15, 1], "texture": "#0"},
				"up": {"uv": [14, 0, 15, 3], "texture": "#0"},
				"down": {"uv": [14, 0, 15, 3], "texture": "#0"}
			}
		},
		{
			"name": "octagon",
			"from": [4.29289, 8.0625, 2.5],
			"to": [4.70711, 9.0625, 4.875],
			"rotation": {"angle": 45, "axis": "z", "origin": [4.5, 8.5625, 3.5]},
			"faces": {
				"north": {"uv": [10, 0, 11, 1], "texture": "#0"},
				"east": {"uv": [10, 0, 11, 1], "texture": "#0"},
				"south": {"uv": [10, 0, 11, 1], "texture": "#0"},
				"west": {"uv": [10, 0, 11, 1], "texture": "#0"},
				"up": {"uv": [10, 0, 11, 1], "texture": "#0"},
				"down": {"uv": [10, 0, 11, 1], "texture": "#0"}
			}
		},
		{
			"name": "octagon",
			"from": [4.29289, 8.0625, 2.5],
			"to": [4.70711, 9.0625, 4.875],
			"rotation": {"angle": 0, "axis": "z", "origin": [4.5, 8.5625, 3.5]},
			"faces": {
				"north": {"uv": [10, 0, 11, 1], "texture": "#0"},
				"east": {"uv": [10, 0, 11, 1], "texture": "#0"},
				"south": {"uv": [10, 0, 11, 1], "texture": "#0"},
				"west": {"uv": [10, 0, 11, 1], "texture": "#0"},
				"up": {"uv": [10, 0, 11, 1], "texture": "#0"},
				"down": {"uv": [10, 0, 11, 1], "texture": "#0"}
			}
		},
		{
			"name": "octagon",
			"from": [4, 8.35539, 2.5],
			"to": [5, 8.76961, 4.875],
			"rotation": {"angle": 45, "axis": "z", "origin": [4.5, 8.5625, 3.5]},
			"faces": {
				"north": {"uv": [10, 0, 11, 1], "texture": "#0"},
				"east": {"uv": [10, 0, 11, 1], "texture": "#0"},
				"south": {"uv": [10, 0, 11, 1], "texture": "#0"},
				"west": {"uv": [10, 0, 11, 1], "texture": "#0"},
				"up": {"uv": [10, 0, 11, 1], "texture": "#0"},
				"down": {"uv": [10, 0, 11, 1], "texture": "#0"}
			}
		},
		{
			"name": "octagon",
			"from": [4, 8.35539, 2.5],
			"to": [5, 8.76961, 4.875],
			"rotation": {"angle": 0, "axis": "z", "origin": [4.5, 8.5625, 3.5]},
			"faces": {
				"north": {"uv": [10, 0, 11, 1], "texture": "#0"},
				"east": {"uv": [10, 0, 11, 1], "texture": "#0"},
				"south": {"uv": [10, 0, 11, 1], "texture": "#0"},
				"west": {"uv": [10, 0, 11, 1], "texture": "#0"},
				"up": {"uv": [10, 0, 11, 1], "texture": "#0"},
				"down": {"uv": [10, 0, 11, 1], "texture": "#0"}
			}
		},
		{
			"name": "octagon",
			"from": [4.18934, 7.8125, 2.375],
			"to": [4.81066, 9.3125, 4.75],
			"rotation": {"angle": 45, "axis": "z", "origin": [4.5, 8.5625, 3.5]},
			"faces": {
				"north": {"uv": [11, 0, 12, 1], "texture": "#0"},
				"east": {"uv": [11, 0, 12, 1], "texture": "#0"},
				"south": {"uv": [11, 0, 12, 1], "texture": "#0"},
				"west": {"uv": [11, 0, 12, 1], "texture": "#0"},
				"up": {"uv": [11, 0, 12, 1], "texture": "#0"},
				"down": {"uv": [11, 0, 12, 1], "texture": "#0"}
			}
		},
		{
			"name": "octagon",
			"from": [4.18934, 7.8125, 2.375],
			"to": [4.81066, 9.3125, 4.75],
			"rotation": {"angle": 0, "axis": "z", "origin": [4.5, 8.5625, 3.5]},
			"faces": {
				"north": {"uv": [11, 0, 12, 1], "texture": "#0"},
				"east": {"uv": [11, 0, 12, 1], "texture": "#0"},
				"south": {"uv": [11, 0, 12, 1], "texture": "#0"},
				"west": {"uv": [11, 0, 12, 1], "texture": "#0"},
				"up": {"uv": [11, 0, 12, 1], "texture": "#0"},
				"down": {"uv": [11, 0, 12, 1], "texture": "#0"}
			}
		},
		{
			"name": "octagon",
			"from": [3.75, 8.25184, 2.375],
			"to": [5.25, 8.87316, 4.75],
			"rotation": {"angle": 45, "axis": "z", "origin": [4.5, 8.5625, 3.5]},
			"faces": {
				"north": {"uv": [11, 0, 12, 1], "texture": "#0"},
				"east": {"uv": [11, 0, 12, 1], "texture": "#0"},
				"south": {"uv": [11, 0, 12, 1], "texture": "#0"},
				"west": {"uv": [11, 0, 12, 1], "texture": "#0"},
				"up": {"uv": [11, 0, 12, 1], "texture": "#0"},
				"down": {"uv": [11, 0, 12, 1], "texture": "#0"}
			}
		},
		{
			"name": "octagon",
			"from": [3.75, 8.25184, 2.375],
			"to": [5.25, 8.87316, 4.75],
			"rotation": {"angle": 0, "axis": "z", "origin": [4.5, 8.5625, 3.5]},
			"faces": {
				"north": {"uv": [11, 0, 12, 1], "texture": "#0"},
				"east": {"uv": [11, 0, 12, 1], "texture": "#0"},
				"south": {"uv": [11, 0, 12, 1], "texture": "#0"},
				"west": {"uv": [11, 0, 12, 1], "texture": "#0"},
				"up": {"uv": [11, 0, 12, 1], "texture": "#0"},
				"down": {"uv": [11, 0, 12, 1], "texture": "#0"}
			}
		},
		{
			"name": "octagon",
			"from": [4.08579, 7.5625, 2.5],
			"to": [4.91421, 9.5625, 4.5],
			"rotation": {"angle": 45, "axis": "z", "origin": [4.5, 8.5625, 3.5]},
			"faces": {
				"north": {"uv": [15, 0, 16, 1], "texture": "#0"},
				"east": {"uv": [12, 0, 15, 1], "texture": "#0"},
				"south": {"uv": [15, 0, 16, 1], "texture": "#0"},
				"west": {"uv": [12, 0, 15, 1], "texture": "#0"},
				"up": {"uv": [14, 0, 15, 3], "texture": "#0"},
				"down": {"uv": [14, 0, 15, 3], "texture": "#0"}
			}
		},
		{
			"name": "octagon",
			"from": [4.08579, 7.5625, 2.5],
			"to": [4.91421, 9.5625, 4.5],
			"rotation": {"angle": 0, "axis": "z", "origin": [4.5, 8.5625, 3.5]},
			"faces": {
				"north": {"uv": [15, 0, 16, 1], "texture": "#0"},
				"east": {"uv": [12, 0, 15, 1], "texture": "#0"},
				"south": {"uv": [15, 0, 16, 1], "texture": "#0"},
				"west": {"uv": [12, 0, 15, 1], "texture": "#0"},
				"up": {"uv": [14, 0, 15, 3], "texture": "#0"},
				"down": {"uv": [14, 0, 15, 3], "texture": "#0"}
			}
		},
		{
			"name": "octagon",
			"from": [3.5, 8.14829, 2.5],
			"to": [5.5, 8.97671, 4.5],
			"rotation": {"angle": 45, "axis": "z", "origin": [4.5, 8.5625, 3.5]},
			"faces": {
				"north": {"uv": [15, 0, 16, 1], "texture": "#0"},
				"east": {"uv": [12, 0, 15, 1], "texture": "#0"},
				"south": {"uv": [15, 0, 16, 1], "texture": "#0"},
				"west": {"uv": [12, 0, 15, 1], "texture": "#0"},
				"up": {"uv": [14, 0, 15, 3], "texture": "#0"},
				"down": {"uv": [14, 0, 15, 3], "texture": "#0"}
			}
		},
		{
			"name": "octagon",
			"from": [3.5, 8.14829, 2.5],
			"to": [5.5, 8.97671, 4.5],
			"rotation": {"angle": 0, "axis": "z", "origin": [4.5, 8.5625, 3.5]},
			"faces": {
				"north": {"uv": [15, 0, 16, 1], "texture": "#0"},
				"east": {"uv": [12, 0, 15, 1], "texture": "#0"},
				"south": {"uv": [15, 0, 16, 1], "texture": "#0"},
				"west": {"uv": [12, 0, 15, 1], "texture": "#0"},
				"up": {"uv": [14, 0, 15, 3], "texture": "#0"},
				"down": {"uv": [14, 0, 15, 3], "texture": "#0"}
			}
		}
	],
	"gui_light": "front",
	"display": {
		"thirdperson_righthand": {
			"rotation": [0, -180, 0],
			"translation": [-2.75, 3.25, 16.75],
			"scale": [1.1, 1.1, 1.1]
		},
		"thirdperson_lefthand": {
			"rotation": [-20, -34, 0],
			"translation": [-2.75, -9.75, 1]
		},
		"firstperson_righthand": {
			"rotation": [0, -180, 0],
			"translation": [0, 5.5, 13]
		},
		"firstperson_lefthand": {
			"translation": [0.5, -20, 2.5]
		},
		"ground": {
			"rotation": [0, 0, 90],
			"translation": [-1.25, 2.25, -8.75]
		},
		"gui": {
			"rotation": [11, -146, 0],
			"translation": [4.75, 1, 0],
			"scale": [1.5, 1.5, 1.5]
		},
		"fixed": {
			"rotation": [0, 90, 0],
			"translation": [-12.5, 2, -5.5],
			"scale": [1.5, 1.5, 1.5]
		}
	},
	"groups": [0, 1, 2, 3, 4, 5, 6, 7, 8, 9, 10, 11, 12, 13, 14, 15, 16, 17, 18, 19, 20, 21, 22,
		{
			"name": "group",
			"origin": [22, 11.25, 10],
			"children": [23, 24, 25, 26,
				{
					"name": "15v_laser_battery",
					"origin": [8, 8, 8],
					"children": [
						{
							"name": "group",
							"origin": [8, 8, 8],
							"children": [
								{
									"name": "octagon",
									"origin": [8, 8, 8],
									"children": [27, 28, 29, 30]
								},
								{
									"name": "octagon",
									"origin": [8, 8, 8],
									"children": [31, 32, 33, 34]
								},
								{
									"name": "octagon",
									"origin": [8, 8, 8],
									"children": [35, 36, 37, 38]
								}
							]
						}
					]
				},
				{
					"name": "15v_laser_battery",
					"origin": [8, 8, 8],
					"children": [
						{
							"name": "group",
							"origin": [8, 8, 8],
							"children": [
								{
									"name": "octagon",
									"origin": [8, 8, 8],
									"children": [39, 40, 41, 42]
								},
								{
									"name": "octagon",
									"origin": [8, 8, 8],
									"children": [43, 44, 45, 46]
								},
								{
									"name": "octagon",
									"origin": [8, 8, 8],
									"children": [47, 48, 49, 50]
								}
							]
						}
					]
				},
				{
					"name": "15v_laser_battery",
					"origin": [8, 8, 8],
					"children": [
						{
							"name": "group",
							"origin": [8, 8, 8],
							"children": [
								{
									"name": "octagon",
									"origin": [8, 8, 8],
									"children": [51, 52, 53, 54]
								},
								{
									"name": "octagon",
									"origin": [8, 8, 8],
									"children": [55, 56, 57, 58]
								},
								{
									"name": "octagon",
									"origin": [8, 8, 8],
									"children": [59, 60, 61, 62]
								}
							]
						}
					]
				},
				{
					"name": "15v_laser_battery",
					"origin": [8, 8, 8],
					"children": [
						{
							"name": "group",
							"origin": [8, 8, 8],
							"children": [
								{
									"name": "octagon",
									"origin": [8, 8, 8],
									"children": [63, 64, 65, 66]
								},
								{
									"name": "octagon",
									"origin": [8, 8, 8],
									"children": [67, 68, 69, 70]
								},
								{
									"name": "octagon",
									"origin": [8, 8, 8],
									"children": [71, 72, 73, 74]
								}
							]
						}
					]
				}
			]
		},
		{
			"name": "group",
			"origin": [22, 11.25, 10],
			"children": [75, 76, 77, 78,
				{
					"name": "15v_laser_battery",
					"origin": [8, 8, 8],
					"children": [
						{
							"name": "group",
							"origin": [8, 8, 8],
							"children": [
								{
									"name": "octagon",
									"origin": [8, 8, 8],
									"children": [79, 80, 81, 82]
								},
								{
									"name": "octagon",
									"origin": [8, 8, 8],
									"children": [83, 84, 85, 86]
								},
								{
									"name": "octagon",
									"origin": [8, 8, 8],
									"children": [87, 88, 89, 90]
								}
							]
						}
					]
				},
				{
					"name": "15v_laser_battery",
					"origin": [8, 8, 8],
					"children": [
						{
							"name": "group",
							"origin": [8, 8, 8],
							"children": [
								{
									"name": "octagon",
									"origin": [8, 8, 8],
									"children": [91, 92, 93, 94]
								},
								{
									"name": "octagon",
									"origin": [8, 8, 8],
									"children": [95, 96, 97, 98]
								},
								{
									"name": "octagon",
									"origin": [8, 8, 8],
									"children": [99, 100, 101, 102]
								}
							]
						}
					]
				},
				{
					"name": "15v_laser_battery",
					"origin": [8, 8, 8],
					"children": [
						{
							"name": "group",
							"origin": [8, 8, 8],
							"children": [
								{
									"name": "octagon",
									"origin": [8, 8, 8],
									"children": [103, 104, 105, 106]
								},
								{
									"name": "octagon",
									"origin": [8, 8, 8],
									"children": [107, 108, 109, 110]
								},
								{
									"name": "octagon",
									"origin": [8, 8, 8],
									"children": [111, 112, 113, 114]
								}
							]
						}
					]
				},
				{
					"name": "15v_laser_battery",
					"origin": [8, 8, 8],
					"children": [
						{
							"name": "group",
							"origin": [8, 8, 8],
							"children": [
								{
									"name": "octagon",
									"origin": [8, 8, 8],
									"children": [115, 116, 117, 118]
								},
								{
									"name": "octagon",
									"origin": [8, 8, 8],
									"children": [119, 120, 121, 122]
								},
								{
									"name": "octagon",
									"origin": [8, 8, 8],
									"children": [123, 124, 125, 126]
								}
							]
						}
					]
				}
			]
		}
	]
}