{
	"credit": "Made with Blockbench",
	"textures": {
		"0": "laser_pistol",
		"particle": "laser_pistol"
	},
	"elements": [
		{
			"from": [0, 0, 0],
			"to": [1.25, 1.25, 1.25],
			"faces": {
				"north": {"uv": [0, 15, 1, 16], "texture": "#0"},
				"east": {"uv": [0, 15, 1, 16], "texture": "#0"},
				"south": {"uv": [0, 15, 1, 16], "texture": "#0"},
				"west": {"uv": [0, 15, 1, 16], "texture": "#0"},
				"up": {"uv": [0, 15, 1, 16], "texture": "#0"},
				"down": {"uv": [0, 15, 1, 16], "texture": "#0"}
			}
		}
	],
	"display": {
		"ground": {
			"translation": [7, 4.25, 6.25]
		},
		"gui": {
			"translation": [7, 7.75, 0]
		},
		"head": {
			"translation": [7.25, -36.25, 7.5]
		}
	}
}