{
	"credit": "Made with Blockbench",
	"textures": {
		"0": "ray_gun_pink",
		"particle": "ray_gun_pink"
	},
	"elements": [
		{
			"from": [5, 4, 3],
			"to": [8, 7, 8],
			"rotation": {"angle": 0, "axis": "y", "origin": [15, 12, 11]},
			"faces": {
				"north": {"uv": [0, 0, 3, 3], "texture": "#0"},
				"east": {"uv": [0, 0, 5, 3], "texture": "#0"},
				"south": {"uv": [0, 0, 3, 3], "texture": "#0"},
				"west": {"uv": [0, 0, 5, 3], "texture": "#0"},
				"up": {"uv": [0, 0, 3, 5], "texture": "#0"},
				"down": {"uv": [0, 0, 3, 5], "texture": "#0"}
			}
		},
		{
			"from": [8, 4.65, 3.5],
			"to": [8.5, 6.65, 7],
			"rotation": {"angle": 0, "axis": "y", "origin": [15, 12, 11]},
			"faces": {
				"north": {"uv": [15, 13, 16, 16], "texture": "#0"},
				"east": {"uv": [11, 13, 16, 16], "texture": "#0"},
				"south": {"uv": [11, 13, 12, 16], "texture": "#0"},
				"west": {"uv": [0, 13, 5, 16], "texture": "#0"},
				"up": {"uv": [11, 15, 16, 16], "texture": "#0"},
				"down": {"uv": [11, 13, 16, 14], "texture": "#0"}
			}
		},
		{
			"from": [6, 3, 5],
			"to": [7.125, 4, 6],
			"rotation": {"angle": 0, "axis": "y", "origin": [15, 9, 11]},
			"faces": {
				"north": {"uv": [13, 0, 16, 3], "texture": "#0"},
				"east": {"uv": [13, 0, 16, 3], "texture": "#0"},
				"south": {"uv": [13, 0, 16, 3], "texture": "#0"},
				"west": {"uv": [13, 0, 16, 3], "texture": "#0"},
				"up": {"uv": [13, 0, 16, 3], "texture": "#0"},
				"down": {"uv": [13, 0, 16, 3], "texture": "#0"}
			}
		},
		{
			"from": [6, 1.5625, 6.5],
			"to": [7, 4.3125, 7.5],
			"rotation": {"angle": 22.5, "axis": "x", "origin": [6.5, 2.8125, 7]},
			"faces": {
				"north": {"uv": [0, 0, 3, 3], "texture": "#0"},
				"east": {"uv": [0, 0, 5, 3], "texture": "#0"},
				"south": {"uv": [0, 0, 3, 3], "texture": "#0"},
				"west": {"uv": [0, 0, 5, 3], "texture": "#0"},
				"up": {"uv": [0, 0, 3, 5], "texture": "#0"},
				"down": {"uv": [0, 0, 3, 5], "texture": "#0"}
			}
		},
		{
			"from": [6, 1.42798, 4.17284],
			"to": [7, 2.42798, 6.92284],
			"rotation": {"angle": 0, "axis": "x", "origin": [6.5, 1.92798, 5.54784]},
			"faces": {
				"north": {"uv": [0, 0, 3, 5], "rotation": 180, "texture": "#0"},
				"east": {"uv": [0, 0, 5, 3], "rotation": 270, "texture": "#0"},
				"south": {"uv": [0, 0, 3, 5], "texture": "#0"},
				"west": {"uv": [0, 0, 5, 3], "rotation": 90, "texture": "#0"},
				"up": {"uv": [0, 0, 3, 3], "rotation": 180, "texture": "#0"},
				"down": {"uv": [0, 0, 3, 3], "texture": "#0"}
			}
		},
		{
			"from": [5.5, 1, 3.25],
			"to": [7.5, 4.5, 5],
			"rotation": {"angle": 22.5, "axis": "x", "origin": [6.5, 3, 4.125]},
			"faces": {
				"north": {"uv": [6, 0, 8, 3.5], "texture": "#0"},
				"east": {"uv": [6, 0, 7.75, 3.5], "texture": "#0"},
				"south": {"uv": [7, 0, 9, 3.5], "texture": "#0"},
				"west": {"uv": [5, 0, 6.75, 3.5], "texture": "#0"},
				"up": {"uv": [6, 2, 8, 3.75], "texture": "#0"},
				"down": {"uv": [6, 0, 8, 1.75], "texture": "#0"}
			}
		},
		{
			"from": [5.25, 0.6875, 3],
			"to": [7.75, 1.1875, 5],
			"rotation": {"angle": 22.5, "axis": "x", "origin": [6.5, 2.6875, 3.625]},
			"faces": {
				"north": {"uv": [0, 0, 2.5, 0.5], "texture": "#0"},
				"east": {"uv": [0, 0, 2, 0.5], "texture": "#0"},
				"south": {"uv": [0, 0, 2.5, 0.5], "texture": "#0"},
				"west": {"uv": [0, 0, 2, 0.5], "texture": "#0"},
				"up": {"uv": [0, 0, 2.5, 2], "texture": "#0"},
				"down": {"uv": [0, 0, 2.5, 2], "texture": "#0"}
			}
		},
		{
			"from": [6, 5, 10.25],
			"to": [7, 6, 14.25],
			"rotation": {"angle": 0, "axis": "y", "origin": [15, 12, 18.25]},
			"faces": {
				"north": {"uv": [5, 0, 6, 1], "texture": "#0"},
				"east": {"uv": [5, 1, 9, 2], "texture": "#0"},
				"south": {"uv": [5, 0, 6, 1], "texture": "#0"},
				"west": {"uv": [5, 0, 9, 1], "texture": "#0"},
				"up": {"uv": [5, 0, 6, 4], "texture": "#0"},
				"down": {"uv": [6, 0, 7, 4], "texture": "#0"}
			}
		},
		{
			"from": [5.75, 4.75, 14.25],
			"to": [7.25, 6.25, 16],
			"rotation": {"angle": 0, "axis": "y", "origin": [15, 12, 22.25]},
			"faces": {
				"north": {"uv": [0, 5, 1.5, 6.5], "texture": "#0"},
				"east": {"uv": [0, 5, 1.75, 6.5], "texture": "#0"},
				"south": {"uv": [0, 5, 1.5, 6.5], "texture": "#0"},
				"west": {"uv": [0, 5, 1.75, 6.5], "texture": "#0"},
				"up": {"uv": [0, 5, 1.5, 6.75], "texture": "#0"},
				"down": {"uv": [0, 5, 1.5, 6.75], "texture": "#0"}
			}
		},
		{
			"from": [5.5, 4.5, 8],
			"to": [7.5, 6.5, 10.25],
			"rotation": {"angle": 0, "axis": "y", "origin": [15, 12, 16]},
			"faces": {
				"north": {"uv": [0, 0, 2, 2], "texture": "#0"},
				"east": {"uv": [0, 0, 2.25, 2], "texture": "#0"},
				"south": {"uv": [0, 0, 2, 2], "texture": "#0"},
				"west": {"uv": [0, 0, 2.25, 2], "texture": "#0"},
				"up": {"uv": [0, 0, 2, 2.25], "texture": "#0"},
				"down": {"uv": [0, 0, 2, 2.25], "texture": "#0"}
			}
		},
		{
			"from": [5.5, 4.75, 11],
			"to": [5.75, 6.25, 11.25],
			"rotation": {"angle": 0, "axis": "y", "origin": [13.25, 13.75, 19]},
			"faces": {
				"north": {"uv": [15, 4, 15.25, 5.5], "texture": "#0"},
				"east": {"uv": [15, 4, 15.25, 5.5], "texture": "#0"},
				"south": {"uv": [15, 4, 15.25, 5.5], "texture": "#0"},
				"west": {"uv": [15, 4, 15.25, 5.5], "texture": "#0"},
				"up": {"uv": [15, 4, 15.25, 4.25], "texture": "#0"},
				"down": {"uv": [15, 4, 15.25, 4.25], "texture": "#0"}
			}
		},
		{
			"from": [5.5, 4.5, 11],
			"to": [7.5, 4.75, 11.25],
			"rotation": {"angle": 0, "axis": "y", "origin": [15, 12, 19]},
			"faces": {
				"north": {"uv": [15, 4, 15.25, 5.5], "texture": "#0"},
				"east": {"uv": [15, 4, 15.25, 5.5], "texture": "#0"},
				"south": {"uv": [15, 4, 15.25, 5.5], "texture": "#0"},
				"west": {"uv": [15, 4, 15.25, 5.5], "texture": "#0"},
				"up": {"uv": [15, 4, 15.25, 4.25], "texture": "#0"},
				"down": {"uv": [15, 4, 15.25, 4.25], "texture": "#0"}
			}
		},
		{
			"from": [7.25, 4.75, 11],
			"to": [7.5, 6.25, 11.25],
			"rotation": {"angle": 0, "axis": "y", "origin": [15, 13.75, 19]},
			"faces": {
				"north": {"uv": [15, 4, 15.25, 5.5], "texture": "#0"},
				"east": {"uv": [15, 4, 15.25, 5.5], "texture": "#0"},
				"south": {"uv": [15, 4, 15.25, 5.5], "texture": "#0"},
				"west": {"uv": [15, 4, 15.25, 5.5], "texture": "#0"},
				"up": {"uv": [15, 4, 15.25, 4.25], "texture": "#0"},
				"down": {"uv": [15, 4, 15.25, 4.25], "texture": "#0"}
			}
		},
		{
			"from": [5.5, 6.25, 11],
			"to": [7.5, 6.5, 11.25],
			"rotation": {"angle": 0, "axis": "y", "origin": [15, 13.75, 19]},
			"faces": {
				"north": {"uv": [15, 4, 15.25, 5.5], "texture": "#0"},
				"east": {"uv": [15, 4, 15.25, 5.5], "texture": "#0"},
				"south": {"uv": [15, 4, 15.25, 5.5], "texture": "#0"},
				"west": {"uv": [15, 4, 15.25, 5.5], "texture": "#0"},
				"up": {"uv": [15, 4, 15.25, 4.25], "texture": "#0"},
				"down": {"uv": [15, 4, 15.25, 4.25], "texture": "#0"}
			}
		},
		{
			"from": [5.5, 4.75, 12],
			"to": [5.75, 6.25, 12.25],
			"rotation": {"angle": 0, "axis": "y", "origin": [13.25, 13.75, 20]},
			"faces": {
				"north": {"uv": [15, 4, 15.25, 5.5], "texture": "#0"},
				"east": {"uv": [15, 4, 15.25, 5.5], "texture": "#0"},
				"south": {"uv": [15, 4, 15.25, 5.5], "texture": "#0"},
				"west": {"uv": [15, 4, 15.25, 5.5], "texture": "#0"},
				"up": {"uv": [15, 4, 15.25, 4.25], "texture": "#0"},
				"down": {"uv": [15, 4, 15.25, 4.25], "texture": "#0"}
			}
		},
		{
			"from": [5.5, 4.5, 12],
			"to": [7.5, 4.75, 12.25],
			"rotation": {"angle": 0, "axis": "y", "origin": [15, 12, 20]},
			"faces": {
				"north": {"uv": [15, 4, 15.25, 5.5], "texture": "#0"},
				"east": {"uv": [15, 4, 15.25, 5.5], "texture": "#0"},
				"south": {"uv": [15, 4, 15.25, 5.5], "texture": "#0"},
				"west": {"uv": [15, 4, 15.25, 5.5], "texture": "#0"},
				"up": {"uv": [15, 4, 15.25, 4.25], "texture": "#0"},
				"down": {"uv": [15, 4, 15.25, 4.25], "texture": "#0"}
			}
		},
		{
			"from": [7.25, 4.75, 12],
			"to": [7.5, 6.25, 12.25],
			"rotation": {"angle": 0, "axis": "y", "origin": [15, 13.75, 20]},
			"faces": {
				"north": {"uv": [15, 4, 15.25, 5.5], "texture": "#0"},
				"east": {"uv": [15, 4, 15.25, 5.5], "texture": "#0"},
				"south": {"uv": [15, 4, 15.25, 5.5], "texture": "#0"},
				"west": {"uv": [15, 4, 15.25, 5.5], "texture": "#0"},
				"up": {"uv": [15, 4, 15.25, 4.25], "texture": "#0"},
				"down": {"uv": [15, 4, 15.25, 4.25], "texture": "#0"}
			}
		},
		{
			"from": [5.5, 6.25, 12],
			"to": [7.5, 6.5, 12.25],
			"rotation": {"angle": 0, "axis": "y", "origin": [15, 13.75, 20]},
			"faces": {
				"north": {"uv": [15, 4, 15.25, 5.5], "texture": "#0"},
				"east": {"uv": [15, 4, 15.25, 5.5], "texture": "#0"},
				"south": {"uv": [15, 4, 15.25, 5.5], "texture": "#0"},
				"west": {"uv": [15, 4, 15.25, 5.5], "texture": "#0"},
				"up": {"uv": [15, 4, 15.25, 4.25], "texture": "#0"},
				"down": {"uv": [15, 4, 15.25, 4.25], "texture": "#0"}
			}
		},
		{
			"from": [5.625, 4.875, 13],
			"to": [5.875, 6.0625, 13.25],
			"rotation": {"angle": 0, "axis": "y", "origin": [13.375, 13.75, 21]},
			"faces": {
				"north": {"uv": [15, 4, 15.25, 5.5], "texture": "#0"},
				"east": {"uv": [15, 4, 15.25, 5.5], "texture": "#0"},
				"south": {"uv": [15, 4, 15.25, 5.5], "texture": "#0"},
				"west": {"uv": [15, 4, 15.25, 5.5], "texture": "#0"},
				"up": {"uv": [15, 4, 15.25, 4.25], "texture": "#0"},
				"down": {"uv": [15, 4, 15.25, 4.25], "texture": "#0"}
			}
		},
		{
			"from": [5.625, 4.625, 13],
			"to": [7.375, 4.875, 13.25],
			"rotation": {"angle": 0, "axis": "y", "origin": [15, 12.125, 21]},
			"faces": {
				"north": {"uv": [15, 4, 15.25, 5.5], "texture": "#0"},
				"east": {"uv": [15, 4, 15.25, 5.5], "texture": "#0"},
				"south": {"uv": [15, 4, 15.25, 5.5], "texture": "#0"},
				"west": {"uv": [15, 4, 15.25, 5.5], "texture": "#0"},
				"up": {"uv": [15, 4, 15.25, 4.25], "texture": "#0"},
				"down": {"uv": [15, 4, 15.25, 4.25], "texture": "#0"}
			}
		},
		{
			"from": [7.125, 4.875, 13],
			"to": [7.375, 6.0625, 13.25],
			"rotation": {"angle": 0, "axis": "y", "origin": [14.875, 13.75, 21]},
			"faces": {
				"north": {"uv": [15, 4, 15.25, 5.5], "texture": "#0"},
				"east": {"uv": [15, 4, 15.25, 5.5], "texture": "#0"},
				"south": {"uv": [15, 4, 15.25, 5.5], "texture": "#0"},
				"west": {"uv": [15, 4, 15.25, 5.5], "texture": "#0"},
				"up": {"uv": [15, 4, 15.25, 4.25], "texture": "#0"},
				"down": {"uv": [15, 4, 15.25, 4.25], "texture": "#0"}
			}
		},
		{
			"from": [5.625, 6.0625, 13],
			"to": [7.375, 6.3125, 13.25],
			"rotation": {"angle": 0, "axis": "y", "origin": [15, 13.5625, 21]},
			"faces": {
				"north": {"uv": [15, 4, 15.25, 5.5], "texture": "#0"},
				"east": {"uv": [15, 4, 15.25, 5.5], "texture": "#0"},
				"south": {"uv": [15, 4, 15.25, 5.5], "texture": "#0"},
				"west": {"uv": [15, 4, 15.25, 5.5], "texture": "#0"},
				"up": {"uv": [15, 4, 15.25, 4.25], "texture": "#0"},
				"down": {"uv": [15, 4, 15.25, 4.25], "texture": "#0"}
			}
		}
	],
	"gui_light": "front",
	"display": {
		"thirdperson_righthand": {
			"rotation": [0, -180, 0],
			"translation": [-1.5, 4, -2]
		},
		"thirdperson_lefthand": {
			"rotation": [158, 0, 0],
			"translation": [-2.25, -8.25, 0.75]
		},
		"firstperson_righthand": {
			"rotation": [0, -180, 0],
			"translation": [0, 6, -0.75]
		},
		"firstperson_lefthand": {
			"translation": [0, -4.5, 0]
		},
		"ground": {
			"rotation": [0, 0, 90],
			"translation": [-2.75, -1.5, 0]
		},
		"gui": {
			"rotation": [9, -126, 0],
			"translation": [-0.5, 2.75, 0]
		},
		"fixed": {
			"rotation": [-1, 90, 0],
			"translation": [-0.5, 3.5, -3.25]
		}
	},
	"groups": [
		0,
		1,
		2,
		3,
		4,
		5,
		6,
		7,
		8,
		9,
		{
			"name": "group",
			"origin": [15, 13.75, 19],
			"color": 0,
			"children": [10, 11, 12, 13]
		},
		{
			"name": "group",
			"origin": [15, 13.75, 19],
			"color": 0,
			"children": [14, 15, 16, 17]
		},
		{
			"name": "group",
			"origin": [15, 13.75, 19],
			"color": 0,
			"children": [18, 19, 20, 21]
		}
	]
}