{
	"credit": "Made with Blockbench",
	"textures": {
		"0": "rocket_launcher",
		"particle": "rocket_launcher"
	},
	"elements": [
		{
			"from": [12, 6, -7],
			"to": [13, 11, 21],
			"rotation": {"angle": 0, "axis": "y", "origin": [16, 14, 12]},
			"faces": {
				"north": {"uv": [0, 0, 0.5, 2.5], "texture": "#0"},
				"east": {"uv": [0, 0, 14, 2.5], "texture": "#0"},
				"south": {"uv": [0, 0, 0.5, 2.5], "texture": "#0"},
				"west": {"uv": [0, 0, 14, 2.5], "texture": "#0"},
				"up": {"uv": [15.5, 0, 16, 14], "texture": "#0"},
				"down": {"uv": [15.5, 0, 16, 13.5], "texture": "#0"}
			}
		},
		{
			"from": [8, 6, -7],
			"to": [9, 11, 21],
			"rotation": {"angle": 0, "axis": "y", "origin": [16, 14, 12]},
			"faces": {
				"north": {"uv": [0, 0, 0.5, 2.5], "texture": "#0"},
				"east": {"uv": [0, 0, 14, 2.5], "texture": "#0"},
				"south": {"uv": [0, 0, 0.5, 2.5], "texture": "#0"},
				"west": {"uv": [0, 0, 14, 2.5], "texture": "#0"},
				"up": {"uv": [15.5, 0, 16, 14], "texture": "#0"},
				"down": {"uv": [15.5, 0, 16, 14], "texture": "#0"}
			}
		},
		{
			"from": [7.5, 7, -3],
			"to": [8, 10, 5],
			"rotation": {"angle": 0, "axis": "y", "origin": [15, 13, 15]},
			"faces": {
				"north": {"uv": [0, 14.5, 0.5, 16], "texture": "#0"},
				"east": {"uv": [0, 0, 8, 3], "texture": "#0"},
				"south": {"uv": [0, 14.5, 0.5, 16], "texture": "#0"},
				"west": {"uv": [0, 14.5, 3.5, 16], "texture": "#0"},
				"up": {"uv": [0, 15, 0.5, 16], "texture": "#0"},
				"down": {"uv": [0, 14.5, 0.5, 16], "texture": "#0"}
			}
		},
		{
			"from": [9, 6, -7],
			"to": [12, 7, 21],
			"rotation": {"angle": 0, "axis": "y", "origin": [16, 10, 12]},
			"faces": {
				"north": {"uv": [0, 0, 1.5, 0.5], "texture": "#0"},
				"east": {"uv": [0, 0, 16, 1], "texture": "#0"},
				"south": {"uv": [0, 0, 1.5, 0.5], "texture": "#0"},
				"west": {"uv": [0, 0, 16, 1], "texture": "#0"},
				"up": {"uv": [14.5, 0, 16, 14], "texture": "#0"},
				"down": {"uv": [14.5, 0, 16, 14], "texture": "#0"}
			}
		},
		{
			"from": [9, 10, -7],
			"to": [12, 11, 21],
			"rotation": {"angle": 0, "axis": "y", "origin": [16, 14, 12]},
			"faces": {
				"north": {"uv": [0, 0, 1.5, 0.5], "texture": "#0"},
				"east": {"uv": [0, 0, 16, 1], "texture": "#0"},
				"south": {"uv": [0, 0, 1.5, 0.5], "texture": "#0"},
				"west": {"uv": [0, 0, 16, 1], "texture": "#0"},
				"up": {"uv": [14.5, 0, 16, 14], "texture": "#0"},
				"down": {"uv": [14.5, 0, 16, 14], "texture": "#0"}
			}
		},
		{
			"from": [9.75, 7.75, -4],
			"to": [11, 9, 8],
			"rotation": {"angle": 0, "axis": "y", "origin": [16, 12, 12]},
			"faces": {
				"north": {"uv": [0, 0, 1.5, 0.5], "texture": "#0"},
				"east": {"uv": [2, 2.5, 9.5, 3.5], "texture": "#0"},
				"south": {"uv": [2, 2.5, 3, 3], "texture": "#0"},
				"west": {"uv": [2, 2.5, 9.5, 3.5], "texture": "#0"},
				"up": {"uv": [2, 2.5, 3, 10], "texture": "#0"},
				"down": {"uv": [2, 2.5, 3, 10], "texture": "#0"}
			}
		},
		{
			"from": [9, 7, 20],
			"to": [12, 10, 21],
			"rotation": {"angle": 0, "axis": "y", "origin": [16, 14, 12]},
			"faces": {
				"north": {"uv": [3.5, 0.5, 5, 2], "texture": "#0"},
				"east": {"uv": [0, 0, 1, 3], "texture": "#0"},
				"south": {"uv": [10.5, 0, 12, 1.5], "texture": "#0"},
				"west": {"uv": [0, 0, 1, 3], "texture": "#0"},
				"up": {"uv": [0, 0, 3, 1], "texture": "#0"},
				"down": {"uv": [0, 0, 3, 1], "texture": "#0"}
			}
		},
		{
			"from": [9.0009, 3.0625, -3.125],
			"to": [12.0009, 4.0625, 0.0625],
			"rotation": {"angle": 0, "axis": "y", "origin": [16, 11.0625, 13.875]},
			"faces": {
				"north": {"uv": [3, 0, 6, 1], "texture": "#0"},
				"east": {"uv": [10.5, 0, 12.188, 0.5], "texture": "#0"},
				"south": {"uv": [0, 0, 3, 1], "texture": "#0"},
				"west": {"uv": [3, 0, 6.188, 1], "texture": "#0"},
				"up": {"uv": [3.5, 0, 5.5, 1.188], "texture": "#0"},
				"down": {"uv": [5, 0.5, 8, 1.188], "texture": "#0"}
			}
		},
		{
			"from": [9, 0.5, -0.5],
			"to": [12, 6.5625, 1.5],
			"rotation": {"angle": -22.5, "axis": "x", "origin": [10.5, 4.5, 0.5]},
			"faces": {
				"north": {"uv": [14.5, 0, 16, 3.063], "texture": "#0"},
				"east": {"uv": [15, 0, 16, 3.063], "texture": "#0"},
				"south": {"uv": [14.5, 0, 16, 2.563], "texture": "#0"},
				"west": {"uv": [15, 0, 16, 3.063], "texture": "#0"},
				"up": {"uv": [0, 0, 3, 2], "texture": "#0"},
				"down": {"uv": [14.5, 0, 16, 1], "texture": "#0"}
			}
		},
		{
			"from": [9, 3, -3.75],
			"to": [12, 6.5625, -2.75],
			"rotation": {"angle": -22.5, "axis": "x", "origin": [10.5, 4.5, -3.75]},
			"faces": {
				"north": {"uv": [14.5, 0, 16, 2.063], "texture": "#0"},
				"east": {"uv": [15.5, 0, 16, 2.563], "texture": "#0"},
				"south": {"uv": [14.5, 0, 16, 2.063], "texture": "#0"},
				"west": {"uv": [15.5, 0, 16, 2.563], "texture": "#0"},
				"up": {"uv": [0, 0, 3, 1], "texture": "#0"},
				"down": {"uv": [0, 0, 3, 1], "texture": "#0"}
			}
		},
		{
			"from": [9.4999, 6.92597, -6.77444],
			"to": [11.2499, 8.67597, -3.77444],
			"rotation": {"angle": -22.5, "axis": "x", "origin": [10.375, 7.80097, -5.27444]},
			"faces": {
				"north": {"uv": [2.5, 2.5, 3.5, 3.5], "texture": "#0"},
				"east": {"uv": [2.5, 2.5, 4.5, 3.5], "texture": "#0"},
				"south": {"uv": [2.5, 2.5, 3.5, 3.5], "texture": "#0"},
				"west": {"uv": [2.5, 2.5, 3.5, 3.5], "texture": "#0"},
				"up": {"uv": [2, 2.5, 3, 4.5], "texture": "#0"},
				"down": {"uv": [2, 3, 3, 5], "texture": "#0"}
			}
		},
		{
			"from": [9.499, 8.17982, -6.73638],
			"to": [11.249, 9.92982, -3.73638],
			"rotation": {"angle": 22.5, "axis": "x", "origin": [10.375, 9.05482, -5.73638]},
			"faces": {
				"north": {"uv": [2.5, 2.5, 3.5, 3.5], "texture": "#0"},
				"east": {"uv": [2.5, 2.5, 4.5, 3.5], "texture": "#0"},
				"south": {"uv": [2.5, 2.5, 3.5, 3.5], "texture": "#0"},
				"west": {"uv": [2.5, 2.5, 3.5, 3.5], "texture": "#0"},
				"up": {"uv": [2, 2.5, 3, 4.5], "texture": "#0"},
				"down": {"uv": [2, 3, 3, 5], "texture": "#0"}
			}
		},
		{
			"from": [9.51, 8.5, -9],
			"to": [11.26, 10.3125, -6],
			"rotation": {"angle": -22.5, "axis": "x", "origin": [10.375, 9.4375, -6]},
			"faces": {
				"north": {"uv": [2.5, 2.5, 3.5, 3.5], "texture": "#0"},
				"east": {"uv": [2.5, 2.5, 4.5, 3.5], "texture": "#0"},
				"south": {"uv": [2.5, 2.5, 3.5, 3.5], "texture": "#0"},
				"west": {"uv": [2.5, 2.5, 3.5, 3.5], "texture": "#0"},
				"up": {"uv": [2, 2.5, 3, 4.5], "texture": "#0"},
				"down": {"uv": [2, 3, 3, 5], "texture": "#0"}
			}
		},
		{
			"from": [9.5, 6.92597, -8.88582],
			"to": [11.25, 8.67597, -5.88582],
			"rotation": {"angle": 22.5, "axis": "x", "origin": [10.375, 7.80097, -7.38582]},
			"faces": {
				"north": {"uv": [2.5, 2.5, 3.5, 3.5], "texture": "#0"},
				"east": {"uv": [2.5, 2.5, 4.5, 3.5], "texture": "#0"},
				"south": {"uv": [2.5, 2.5, 3.5, 3.5], "texture": "#0"},
				"west": {"uv": [2.5, 2.5, 3.5, 3.5], "texture": "#0"},
				"up": {"uv": [2, 2.5, 3, 4.5], "texture": "#0"},
				"down": {"uv": [2, 3, 3, 5], "texture": "#0"}
			}
		},
		{
			"from": [9.499, 7.67213, -9.29888],
			"to": [11.249, 9.10963, -8.04888],
			"rotation": {"angle": -22.5, "axis": "x", "origin": [10.375, 8.10963, -8.92388]},
			"faces": {
				"north": {"uv": [2.5, 2.5, 3.5, 3.5], "rotation": 180, "texture": "#0"},
				"east": {"uv": [2.5, 2.5, 4.5, 3.5], "rotation": 270, "texture": "#0"},
				"south": {"uv": [2.5, 2.5, 3.5, 3.5], "texture": "#0"},
				"west": {"uv": [2.5, 2.5, 3.5, 3.5], "rotation": 90, "texture": "#0"},
				"up": {"uv": [2, 2.5, 3, 4.5], "rotation": 180, "texture": "#0"},
				"down": {"uv": [2, 3, 3, 5], "texture": "#0"}
			}
		},
		{
			"from": [10.60377, 7.47635, -7.10349],
			"to": [12.35377, 9.22635, -4.10349],
			"rotation": {"angle": -22.5, "axis": "y", "origin": [10.37658, 8.35303, -6.82182]},
			"faces": {
				"north": {"uv": [2.5, 2.5, 3.5, 3.5], "rotation": 90, "texture": "#0"},
				"east": {"uv": [2.5, 2.5, 4.5, 3.5], "rotation": 270, "texture": "#0"},
				"south": {"uv": [2.5, 2.5, 3.5, 3.5], "rotation": 270, "texture": "#0"},
				"west": {"uv": [2.5, 2.5, 3.5, 3.5], "rotation": 270, "texture": "#0"},
				"up": {"uv": [2, 2.5, 3, 4.5], "rotation": 270, "texture": "#0"},
				"down": {"uv": [2, 3, 3, 5], "rotation": 270, "texture": "#0"}
			}
		},
		{
			"from": [8.43784, 7.47545, -7.08756],
			"to": [10.18784, 9.22545, -4.08756],
			"rotation": {"angle": 22.5, "axis": "y", "origin": [10.37658, 8.35303, -6.82182]},
			"faces": {
				"north": {"uv": [2.5, 2.5, 3.5, 3.5], "rotation": 90, "texture": "#0"},
				"east": {"uv": [2.5, 2.5, 4.5, 3.5], "rotation": 270, "texture": "#0"},
				"south": {"uv": [2.5, 2.5, 3.5, 3.5], "rotation": 270, "texture": "#0"},
				"west": {"uv": [2.5, 2.5, 3.5, 3.5], "rotation": 270, "texture": "#0"},
				"up": {"uv": [2, 2.5, 3, 4.5], "rotation": 270, "texture": "#0"},
				"down": {"uv": [2, 3, 3, 5], "rotation": 270, "texture": "#0"}
			}
		},
		{
			"from": [8.81416, 7.48645, -8.39755],
			"to": [10.62666, 9.23645, -5.64755],
			"rotation": {"angle": -22.5, "axis": "y", "origin": [10.37658, 8.35303, -6.82182]},
			"faces": {
				"north": {"uv": [2.5, 2.5, 3.5, 3.5], "rotation": 90, "texture": "#0"},
				"east": {"uv": [2.5, 2.5, 4.5, 3.5], "rotation": 270, "texture": "#0"},
				"south": {"uv": [2.5, 2.5, 3.5, 3.5], "rotation": 270, "texture": "#0"},
				"west": {"uv": [2.5, 2.5, 3.5, 3.5], "rotation": 270, "texture": "#0"},
				"up": {"uv": [2, 2.5, 3, 4.5], "rotation": 270, "texture": "#0"},
				"down": {"uv": [2, 3, 3, 5], "rotation": 270, "texture": "#0"}
			}
		},
		{
			"from": [10.22745, 7.47645, -8.38162],
			"to": [11.97745, 9.22645, -5.63162],
			"rotation": {"angle": 22.5, "axis": "y", "origin": [10.37658, 8.35303, -6.82182]},
			"faces": {
				"north": {"uv": [2.5, 2.5, 3.5, 3.5], "rotation": 90, "texture": "#0"},
				"east": {"uv": [2.5, 2.5, 4.5, 3.5], "rotation": 270, "texture": "#0"},
				"south": {"uv": [2.5, 2.5, 3.5, 3.5], "rotation": 270, "texture": "#0"},
				"west": {"uv": [2.5, 2.5, 3.5, 3.5], "rotation": 270, "texture": "#0"},
				"up": {"uv": [2, 2.5, 3, 4.5], "rotation": 270, "texture": "#0"},
				"down": {"uv": [2, 3, 3, 5], "rotation": 270, "texture": "#0"}
			}
		}
	],
	"display": {
		"thirdperson_righthand": {
			"translation": [-2.25, 1.75, 10.25]
		},
		"thirdperson_lefthand": {
			"rotation": [-24, 152, 0],
			"translation": [-9.25, -7.5, 8.25]
		},
		"firstperson_righthand": {
			"translation": [0, 3.75, 9.25]
		},
		"firstperson_lefthand": {
			"translation": [80, 0, 0]
		},
		"ground": {
			"rotation": [0, 0, 90],
			"translation": [-0.75, -3.5, 0.5],
			"scale": [0.7, 0.7, 0.7]
		},
		"gui": {
			"rotation": [20, 55, 4],
			"translation": [-0.5, 0, 0],
			"scale": [0.8, 0.8, 0.8]
		},
		"head": {
			"translation": [-2.5, 2, -14.5]
		},
		"fixed": {
			"rotation": [0, -89, 0],
			"translation": [-1, 0, -2]
		}
	},
	"groups": [
		0,
		1,
		2,
		3,
		4,
		5,
		6,
		7,
		8,
		9,
		{
			"name": "group",
			"origin": [10.375, 8.10963, -8.92388],
			"color": 0,
			"children": [10, 11, 12, 13, 14]
		},
		{
			"name": "group",
			"origin": [10.375, 8.10963, -8.92388],
			"color": 0,
			"children": [15, 16, 17, 18]
		}
	]
}