{
	"credit": "Made with Blockbench",
	"textures": {
		"0": "equiptment/c4",
		"particle": "equiptment/c4"
	},
	"elements": [
		{
			"from": [0, 0, 0],
			"to": [4, 2, 7],
			"faces": {
				"north": {"uv": [0, 0, 4, 2], "texture": "#0"},
				"east": {"uv": [0, 0, 7, 2], "texture": "#0"},
				"south": {"uv": [0, 0, 4, 2], "texture": "#0"},
				"west": {"uv": [0, 0, 7, 2], "texture": "#0"},
				"up": {"uv": [0, 0, 4, 7], "texture": "#0"},
				"down": {"uv": [0, 0, 4, 7], "texture": "#0"}
			}
		},
		{
			"from": [0.75, 2, 5],
			"to": [3.25, 2.5, 6.25],
			"faces": {
				"north": {"uv": [13.5, 5, 16, 5.5], "texture": "#0"},
				"east": {"uv": [14.75, 6, 16, 6.5], "texture": "#0"},
				"south": {"uv": [13.5, 5, 16, 5.5], "texture": "#0"},
				"west": {"uv": [14.75, 6, 16, 6.5], "texture": "#0"},
				"up": {"uv": [13.5, 3, 16, 4.25], "texture": "#0"},
				"down": {"uv": [13.5, 3, 16, 4.25], "texture": "#0"}
			}
		},
		{
			"from": [2.5, 2, 3.75],
			"to": [3, 2.5, 4.25],
			"faces": {
				"north": {"uv": [15.5, 0, 16, 0.5], "texture": "#0"},
				"east": {"uv": [15.5, 0, 16, 0.5], "texture": "#0"},
				"south": {"uv": [15.5, 0, 16, 0.5], "texture": "#0"},
				"west": {"uv": [15.5, 0, 16, 0.5], "texture": "#0"},
				"up": {"uv": [15.5, 1, 16, 1.5], "texture": "#0"},
				"down": {"uv": [15.5, 0, 16, 0.5], "texture": "#0"}
			}
		},
		{
			"from": [1.75, 2, 3.75],
			"to": [2.25, 2.5, 4.25],
			"faces": {
				"north": {"uv": [15.5, 0, 16, 0.5], "texture": "#0"},
				"east": {"uv": [15.5, 0, 16, 0.5], "texture": "#0"},
				"south": {"uv": [15.5, 0, 16, 0.5], "texture": "#0"},
				"west": {"uv": [15.5, 0, 16, 0.5], "texture": "#0"},
				"up": {"uv": [15.5, 0, 16, 0.5], "texture": "#0"},
				"down": {"uv": [15.5, 0, 16, 0.5], "texture": "#0"}
			}
		},
		{
			"from": [1, 2, 3.75],
			"to": [1.5, 2.5, 4.25],
			"faces": {
				"north": {"uv": [15.5, 0, 16, 0.5], "texture": "#0"},
				"east": {"uv": [15.5, 0, 16, 0.5], "texture": "#0"},
				"south": {"uv": [15.5, 0, 16, 0.5], "texture": "#0"},
				"west": {"uv": [15.5, 0, 16, 0.5], "texture": "#0"},
				"up": {"uv": [14.5, 0, 15, 0.5], "texture": "#0"},
				"down": {"uv": [15.5, 0, 16, 0.5], "texture": "#0"}
			}
		},
		{
			"from": [2.5, 2, 3],
			"to": [3, 2.5, 3.5],
			"faces": {
				"north": {"uv": [15.5, 0, 16, 0.5], "texture": "#0"},
				"east": {"uv": [15.5, 0, 16, 0.5], "texture": "#0"},
				"south": {"uv": [15.5, 0, 16, 0.5], "texture": "#0"},
				"west": {"uv": [15.5, 0, 16, 0.5], "texture": "#0"},
				"up": {"uv": [15.5, 0, 16, 0.5], "texture": "#0"},
				"down": {"uv": [15.5, 0, 16, 0.5], "texture": "#0"}
			}
		},
		{
			"from": [1.75, 2, 3],
			"to": [2.25, 2.5, 3.5],
			"faces": {
				"north": {"uv": [15.5, 0, 16, 0.5], "texture": "#0"},
				"east": {"uv": [15.5, 0, 16, 0.5], "texture": "#0"},
				"south": {"uv": [15.5, 0, 16, 0.5], "texture": "#0"},
				"west": {"uv": [15.5, 0, 16, 0.5], "texture": "#0"},
				"up": {"uv": [14.5, 0, 15, 0.5], "texture": "#0"},
				"down": {"uv": [15.5, 0, 16, 0.5], "texture": "#0"}
			}
		},
		{
			"from": [1, 2, 3],
			"to": [1.5, 2.5, 3.5],
			"faces": {
				"north": {"uv": [15.5, 0, 16, 0.5], "texture": "#0"},
				"east": {"uv": [15.5, 0, 16, 0.5], "texture": "#0"},
				"south": {"uv": [15.5, 0, 16, 0.5], "texture": "#0"},
				"west": {"uv": [15.5, 0, 16, 0.5], "texture": "#0"},
				"up": {"uv": [15.5, 1, 16, 1.5], "texture": "#0"},
				"down": {"uv": [15.5, 0, 16, 0.5], "texture": "#0"}
			}
		},
		{
			"from": [2.5, 2, 2.25],
			"to": [3, 2.5, 2.75],
			"faces": {
				"north": {"uv": [15.5, 0, 16, 0.5], "texture": "#0"},
				"east": {"uv": [15.5, 0, 16, 0.5], "texture": "#0"},
				"south": {"uv": [15.5, 0, 16, 0.5], "texture": "#0"},
				"west": {"uv": [15.5, 0, 16, 0.5], "texture": "#0"},
				"up": {"uv": [15.5, 1, 16, 1.5], "texture": "#0"},
				"down": {"uv": [15.5, 0, 16, 0.5], "texture": "#0"}
			}
		},
		{
			"from": [1.75, 2, 2.25],
			"to": [2.25, 2.5, 2.75],
			"faces": {
				"north": {"uv": [15.5, 0, 16, 0.5], "texture": "#0"},
				"east": {"uv": [15.5, 0, 16, 0.5], "texture": "#0"},
				"south": {"uv": [15.5, 0, 16, 0.5], "texture": "#0"},
				"west": {"uv": [15.5, 0, 16, 0.5], "texture": "#0"},
				"up": {"uv": [15.5, 0, 16, 0.5], "texture": "#0"},
				"down": {"uv": [15.5, 0, 16, 0.5], "texture": "#0"}
			}
		},
		{
			"from": [1, 2, 2.25],
			"to": [1.5, 2.5, 2.75],
			"faces": {
				"north": {"uv": [15.5, 0, 16, 0.5], "texture": "#0"},
				"east": {"uv": [15.5, 0, 16, 0.5], "texture": "#0"},
				"south": {"uv": [15.5, 0, 16, 0.5], "texture": "#0"},
				"west": {"uv": [15.5, 0, 16, 0.5], "texture": "#0"},
				"up": {"uv": [14.5, 0, 15, 0.5], "texture": "#0"},
				"down": {"uv": [15.5, 0, 16, 0.5], "texture": "#0"}
			}
		},
		{
			"from": [0.5, 2, 0.5],
			"to": [3.5, 2.25, 6.5],
			"faces": {
				"north": {"uv": [3, 14, 6, 15], "texture": "#0"},
				"east": {"uv": [3, 15, 9, 16], "texture": "#0"},
				"south": {"uv": [3, 14, 6, 15], "texture": "#0"},
				"west": {"uv": [3, 15, 9, 16], "texture": "#0"},
				"up": {"uv": [3, 16, 0, 10], "texture": "#0"},
				"down": {"uv": [3, 10, 0, 16], "texture": "#0"}
			}
		},
		{
			"from": [-0.25, 2, 3],
			"to": [0.5, 2.25, 3.5],
			"faces": {
				"north": {"uv": [15.25, 14, 16, 14.25], "texture": "#0"},
				"east": {"uv": [15.5, 14, 16, 14.25], "texture": "#0"},
				"south": {"uv": [15.25, 14, 16, 14.25], "texture": "#0"},
				"west": {"uv": [15.5, 14, 16, 14.25], "texture": "#0"},
				"up": {"uv": [15.25, 15.5, 16, 16], "texture": "#0"},
				"down": {"uv": [15.25, 15.5, 16, 16], "texture": "#0"}
			}
		},
		{
			"from": [3.5, 2, 2],
			"to": [4.25, 2.25, 2.5],
			"faces": {
				"north": {"uv": [15.25, 12, 16, 12.25], "texture": "#0"},
				"east": {"uv": [15.5, 12, 16, 12.25], "texture": "#0"},
				"south": {"uv": [15.25, 12, 16, 12.25], "texture": "#0"},
				"west": {"uv": [15.5, 12, 16, 12.25], "texture": "#0"},
				"up": {"uv": [15.25, 13.5, 16, 14], "texture": "#0"},
				"down": {"uv": [15.25, 13.5, 16, 14], "texture": "#0"}
			}
		},
		{
			"from": [-0.25, 0, 3],
			"to": [0, 2, 3.5],
			"faces": {
				"north": {"uv": [15.25, 14, 15.5, 16], "texture": "#0"},
				"east": {"uv": [15.5, 14, 16, 16], "texture": "#0"},
				"south": {"uv": [15.25, 14, 15.5, 16], "texture": "#0"},
				"west": {"uv": [15.5, 14, 16, 16], "texture": "#0"},
				"up": {"uv": [15.25, 15.5, 15.5, 16], "texture": "#0"},
				"down": {"uv": [15.25, 15.5, 15.5, 16], "texture": "#0"}
			}
		},
		{
			"from": [4, 0, 2],
			"to": [4.25, 2, 2.5],
			"faces": {
				"north": {"uv": [15.25, 12, 15.5, 14], "texture": "#0"},
				"east": {"uv": [15.5, 12, 16, 14], "texture": "#0"},
				"south": {"uv": [15.25, 12, 15.5, 14], "texture": "#0"},
				"west": {"uv": [15.5, 12, 16, 14], "texture": "#0"},
				"up": {"uv": [15.25, 13.5, 15.5, 14], "texture": "#0"},
				"down": {"uv": [15.25, 13.5, 15.5, 14], "texture": "#0"}
			}
		},
		{
			"from": [3.5, 2, 5],
			"to": [4.25, 2.25, 5.5],
			"faces": {
				"north": {"uv": [15.25, 10, 16, 10.25], "texture": "#0"},
				"east": {"uv": [15.5, 10, 16, 10.25], "texture": "#0"},
				"south": {"uv": [15.25, 10, 16, 10.25], "texture": "#0"},
				"west": {"uv": [15.5, 10, 16, 10.25], "texture": "#0"},
				"up": {"uv": [15.25, 11.5, 16, 12], "texture": "#0"},
				"down": {"uv": [15.25, 11.5, 16, 12], "texture": "#0"}
			}
		},
		{
			"from": [4, 0, 5],
			"to": [4.25, 2, 5.5],
			"faces": {
				"north": {"uv": [15.25, 10, 15.5, 12], "texture": "#0"},
				"east": {"uv": [15.5, 10, 16, 12], "texture": "#0"},
				"south": {"uv": [15.25, 10, 15.5, 12], "texture": "#0"},
				"west": {"uv": [15.5, 10, 16, 12], "texture": "#0"},
				"up": {"uv": [15.25, 11.5, 15.5, 12], "texture": "#0"},
				"down": {"uv": [15.25, 11.5, 15.5, 12], "texture": "#0"}
			}
		}
	],
	"display": {
		"thirdperson_righthand": {
			"rotation": [-74, 0, -180],
			"translation": [-6.25, 4.25, 10]
		},
		"thirdperson_lefthand": {
			"rotation": [-74, 0, -180],
			"translation": [5.75, 4.25, 10]
		},
		"firstperson_righthand": {
			"rotation": [50, -180, -20],
			"translation": [-7, 9.75, 2.75]
		},
		"firstperson_lefthand": {
			"rotation": [50, -180, -20],
			"translation": [4.75, 12, 5.25]
		},
		"ground": {
			"translation": [6, 4.25, 4.25]
		},
		"gui": {
			"rotation": [-69, 0, 159],
			"translation": [-16.25, 5.25, 0],
			"scale": [2, 2, 2]
		},
		"head": {
			"translation": [12, -26.75, 8],
			"scale": [2, 2, 2]
		},
		"fixed": {
			"rotation": [-90, 0, 0],
			"translation": [6.25, 4, -7]
		}
	}
}