{
	"credit": "Made with Blockbench",
	"textures": {
		"0": "equiptment/land_mine",
		"particle": "equiptment/land_mine"
	},
	"elements": [
		{
			"from": [4, 0.25, 4],
			"to": [12, 1.5, 12],
			"faces": {
				"north": {"uv": [0, 3, 8, 5], "texture": "#0"},
				"east": {"uv": [0, 3, 8, 5], "texture": "#0"},
				"south": {"uv": [0, 3, 8, 5], "texture": "#0"},
				"west": {"uv": [0, 3, 8, 5], "texture": "#0"},
				"up": {"uv": [0, 0, 8, 8], "texture": "#0"},
				"down": {"uv": [0, 0, 8, 8], "texture": "#0"}
			}
		},
		{
			"from": [3.5, 0, 3.5],
			"to": [12.75, 0.5, 12.5],
			"faces": {
				"north": {"uv": [6.75, 13, 16, 13.5], "texture": "#0"},
				"east": {"uv": [7, 13, 16, 13.5], "texture": "#0"},
				"south": {"uv": [6.75, 12, 16, 12.5], "texture": "#0"},
				"west": {"uv": [7, 13, 16, 13.5], "texture": "#0"},
				"up": {"uv": [7.75, 8, 16, 16], "texture": "#0"},
				"down": {"uv": [7.75, 8, 16, 16], "texture": "#0"}
			}
		},
		{
			"from": [6.2, 1.5, 6.2],
			"to": [9.8, 1.75, 9.8],
			"faces": {
				"north": {"uv": [8, 0, 11.6, 0.25], "texture": "#0"},
				"east": {"uv": [8, 0, 11.6, 0.25], "texture": "#0"},
				"south": {"uv": [8, 0, 11.6, 0.25], "texture": "#0"},
				"west": {"uv": [8, 0, 11.6, 0.25], "texture": "#0"},
				"up": {"uv": [8, 0, 11.6, 3.6], "texture": "#0"},
				"down": {"uv": [8, 0, 11.6, 3.6], "texture": "#0"}
			}
		}
	],
	"display": {
		"thirdperson_righthand": {
			"rotation": [75, 45, 0],
			"translation": [0, 2, 2.75],
			"scale": [0.375, 0.375, 0.375]
		},
		"thirdperson_lefthand": {
			"rotation": [75, 45, 0],
			"translation": [0, 1.75, 2.75],
			"scale": [0.375, 0.375, 0.375]
		},
		"firstperson_righthand": {
			"rotation": [0, 45, 0],
			"translation": [2.75, 4, 0],
			"scale": [0.5, 0.5, 0.5]
		},
		"firstperson_lefthand": {
			"rotation": [0, 225, 0],
			"translation": [2.5, 4.5, 1.5],
			"scale": [0.5, 0.5, 0.5]
		},
		"ground": {
			"translation": [0, 0.5, 0],
			"scale": [0.5, 0.5, 0.5]
		},
		"gui": {
			"rotation": [30, 225, 0],
			"translation": [0, 1.25, 0],
			"scale": [0.8, 0.8, 0.8]
		},
		"head": {
			"translation": [0, -34.75, 0]
		}
	}
}