{
  "ray_gun": {
    "sounds": [
      {
        "name": "sfx/ray_gun",
        "stream": "true"
      }
    ]
  },

  "laser_shield": {
    "sounds": [
      {
        "name": "sfx/laser_shield",
        "stream": "true"
      }
    ]
  },

  "combat_shotgun_cocking": {
    "sounds": [
      {
        "name": "sfx/combat_shotgun_cocking",
        "stream": "true"
      }
    ]
  },

  "pistol_reload": {
    "sounds": [
      {
        "name": "sfx/pistol_reload",
        "stream": "true"
      }
    ]
  },
  "assault_reload": {
    "sounds": [
      {
        "name": "sfx/assault_reload",
        "stream": "true"
      }
    ]
  },  "shotgun_reload": {
    "sounds": [
      {
        "name": "sfx/shotgun_reload",
        "stream": "true"
      }
    ]
  }, "sniper_reload": {
    "sounds": [
      {
        "name": "sfx/sniper_reload",
        "stream": "true"
      }
    ]
  },"laser_cannon_reload": {
    "sounds": [
      {
        "name": "sfx/laser_cannon_reload",
        "stream": "true"
      }
    ]
  },"laser_pistol_reload": {
    "sounds": [
      {
        "name": "sfx/laser_pistol_reload",
        "stream": "true"
      }
    ]
    },"chemical_thrower_reload": {
      "sounds": [
        {
          "name": "sfx/chemical_thrower_reload",
          "stream": "true"
        }
      ]
      },"beep": {
        "sounds": [
          {
            "name": "sfx/beep",
            "stream": "true"
          }
        ]
    },"auto_turret_setup": {
      "sounds": [
        {
          "name": "sfx/auto_turret_setup",
          "stream": "true"
        }
      ]
    },"auto_turret_explode": {
      "sounds": [
        {
          "name": "sfx/auto_turret_explode",
          "stream": "true"
        }
      ]
    },"auto_turret_shot": {
      "sounds": [
        {
          "name": "sfx/auto_turret_shot",
          "stream": "true"
        }
      ]
    },

  "shotgun_cocking": {
    "sounds": [
      {
        "name": "sfx/shotgun_cocking",
        "stream": "true"
      }
    ]
  }
}
